City_ID,City,Country,Date,Lat,Lng,Max Temp,Humidity,Cloudiness,Wind Speed
0,Saskylakh,RU,2020-02-22 20:41:23,71.92,114.08,-13.74,93,39,5.1
1,Hobart,AU,2020-02-22 20:39:36,-42.88,147.33,54.0,81,20,8.05
2,Hilo,US,2020-02-22 20:40:19,19.73,-155.09,77.0,65,20,6.93
3,Ishigaki,JP,2020-02-22 20:41:23,24.34,124.16,68.67,80,53,22.7
4,Butaritari,KI,2020-02-22 20:41:24,3.07,172.79,83.89,75,94,6.55
5,Nanortalik,GL,2020-02-22 20:37:16,60.14,-45.24,27.57,89,100,17.9
6,Kangaba,ML,2020-02-22 20:41:24,11.93,-8.42,84.54,15,7,4.14
7,Vokhtoga,RU,2020-02-22 20:41:24,58.81,41.05,33.78,83,100,18.63
8,Ulaangom,MN,2020-02-22 20:41:24,49.98,92.07,-4.92,91,59,2.8
9,Hasaki,JP,2020-02-22 20:41:25,35.73,140.83,48.2,45,20,2.24
10,Pervomayskoye,RU,2020-02-22 20:41:25,43.92,46.71,37.11,82,100,6.82
11,Ilulissat,GL,2020-02-22 20:40:04,69.22,-51.1,-0.4,49,40,2.24
12,Hamada,JP,2020-02-22 20:41:25,34.88,132.08,44.98,65,0,24.34
13,Tasiilaq,GL,2020-02-22 20:41:25,65.61,-37.64,6.04,64,100,5.61
14,Iracoubo,GF,2020-02-22 20:41:25,5.48,-53.2,79.81,85,68,16.37
15,Ovruch,UA,2020-02-22 20:41:26,51.32,28.8,39.13,70,100,14.83
16,Ushuaia,AR,2020-02-22 20:41:26,-54.8,-68.3,73.4,38,40,13.87
17,Cockburn Town,TC,2020-02-22 20:41:26,21.46,-71.14,80.6,69,40,9.17
18,Katsuura,JP,2020-02-22 20:41:26,35.13,140.3,48.2,39,20,9.17
19,Ixtapa,MX,2020-02-22 20:41:27,20.7,-105.2,84.2,62,5,6.93
20,Lagoa,PT,2020-02-22 20:41:27,39.05,-27.98,59.61,81,0,10.2
21,Saint George,US,2020-02-22 20:37:59,37.1,-113.58,62.6,33,90,11.41
22,Faya,SA,2020-02-22 20:41:27,18.39,42.45,64.4,29,41,11.41
23,Bredasdorp,ZA,2020-02-22 20:39:19,-34.53,20.04,66.2,68,93,11.41
24,Anloga,GH,2020-02-22 20:41:28,5.79,0.9,86.0,84,20,13.87
25,Vaini,TO,2020-02-22 20:41:28,-21.2,-175.2,78.8,94,75,9.17
26,Bluff,NZ,2020-02-22 20:41:28,-46.6,168.33,57.99,78,68,11.01
27,Cabo San Lucas,MX,2020-02-22 20:41:06,22.89,-109.91,87.01,30,20,9.17
28,Kumluca,TR,2020-02-22 20:41:28,36.37,30.29,43.88,85,20,8.55
29,Albany,US,2020-02-22 20:40:11,42.6,-73.97,44.01,33,20,10.29
30,Jilikul,TJ,2020-02-22 20:41:29,37.49,68.53,48.2,87,40,4.47
31,San Jose,US,2020-02-22 20:38:39,37.34,-121.89,71.01,48,20,4.7
32,Karpathos,GR,2020-02-22 20:41:29,35.51,27.21,53.6,58,69,16.11
33,Hermanus,ZA,2020-02-22 20:41:29,-34.42,19.23,66.99,92,89,3.0
34,Vangaindrano,MG,2020-02-22 20:41:30,-23.35,47.6,72.55,96,100,2.75
35,Esperance,AU,2020-02-22 20:37:36,-33.87,121.9,66.2,82,75,6.93
36,Sao Felipe,BR,2020-02-22 20:36:50,-14.82,-41.38,79.9,66,100,1.97
37,Longyearbyen,SJ,2020-02-22 20:41:30,78.22,15.64,-0.4,70,20,14.99
38,Jamestown,US,2020-02-22 20:37:29,42.1,-79.24,42.01,44,1,17.22
39,Lisakovsk,KZ,2020-02-22 20:41:31,52.54,62.49,16.93,95,94,5.37
40,Yellowknife,CA,2020-02-22 20:41:31,62.46,-114.35,3.99,65,20,6.93
41,Mataura,NZ,2020-02-22 20:37:36,-46.19,168.86,57.0,78,70,11.99
42,Ribeira Grande,PT,2020-02-22 20:41:31,38.52,-28.7,59.0,72,75,5.82
43,Altamira,BR,2020-02-22 20:41:31,-3.2,-52.21,82.4,78,75,4.7
44,Provideniya,RU,2020-02-22 20:41:32,64.38,-173.3,-14.6,87,18,2.73
45,Arraial Do Cabo,BR,2020-02-22 20:40:58,-22.97,-42.03,77.0,83,40,9.17
46,Dikson,RU,2020-02-22 20:41:32,73.51,80.55,16.52,93,100,25.37
47,Benjamin Aceval,PY,2020-02-22 20:41:32,-24.97,-57.57,80.6,32,0,11.41
48,Saint-Philippe,RE,2020-02-22 20:41:32,-21.36,55.77,75.2,69,100,4.7
49,Punta Arenas,CL,2020-02-22 20:40:24,-53.15,-70.92,73.4,40,100,27.51
50,Trat,TH,2020-02-22 20:41:33,12.5,102.5,81.0,41,46,11.61
51,Majenang,ID,2020-02-22 20:41:33,-7.3,108.76,75.09,90,52,2.13
52,Busselton,AU,2020-02-22 20:41:33,-33.65,115.33,66.99,67,5,10.8
53,Port Elizabeth,ZA,2020-02-22 20:40:21,-33.92,25.57,67.01,76,100,17.49
54,East London,ZA,2020-02-22 20:41:34,-33.02,27.91,72.21,81,100,22.64
55,Atuona,PF,2020-02-22 20:41:34,-9.8,-139.03,81.86,76,0,13.73
56,Barrow,US,2020-02-22 20:41:00,71.29,-156.79,-11.2,76,90,5.82
57,Te Anau,NZ,2020-02-22 20:41:34,-45.42,167.72,51.8,74,60,2.51
58,Artyom,AZ,2020-02-22 20:41:34,40.47,50.33,48.2,93,90,6.93
59,Farah,AF,2020-02-22 20:41:34,32.5,62.5,58.55,43,1,2.93
60,Pemberton,CA,2020-02-22 20:41:35,50.32,-122.8,37.4,86,75,3.36
61,Chapleau,CA,2020-02-22 20:41:35,47.84,-83.4,39.2,55,20,14.99
62,Vao,NC,2020-02-22 20:41:35,-22.67,167.48,79.23,73,0,10.69
63,Ahipara,NZ,2020-02-22 20:41:35,-35.17,173.17,69.01,96,7,1.99
64,Vila Velha,BR,2020-02-22 20:41:35,-20.33,-40.29,80.6,83,75,9.17
65,Kushiro,JP,2020-02-22 20:41:36,42.98,144.37,33.35,71,0,19.53
66,Marsh Harbour,BS,2020-02-22 20:41:36,26.54,-77.06,68.83,69,0,24.11
67,Vanavara,RU,2020-02-22 20:41:36,60.34,102.28,14.65,96,100,4.18
68,Mugur-Aksy,RU,2020-02-22 20:41:36,50.35,90.5,10.54,84,61,5.03
69,Brandon,US,2020-02-22 20:38:47,27.94,-82.29,73.4,49,1,8.05
70,Cayenne,GF,2020-02-22 20:41:37,4.93,-52.33,82.4,78,90,11.41
71,Puerto Escondido,MX,2020-02-22 20:41:35,15.85,-97.07,89.6,75,20,9.17
72,Kapaa,US,2020-02-22 20:41:37,22.08,-159.32,78.8,65,40,8.05
73,Castro,BR,2020-02-22 20:39:21,-24.79,-50.01,70.52,75,34,5.53
74,Rikitea,PF,2020-02-22 20:37:26,-23.12,-134.97,78.94,70,1,7.52
75,Porto Novo,BJ,2020-02-22 20:41:37,6.5,2.6,86.0,84,20,13.87
76,Olbia,IT,2020-02-22 20:40:21,40.92,9.49,46.6,87,0,4.79
77,Upernavik,GL,2020-02-22 20:41:38,72.79,-56.15,-15.9,94,78,4.88
78,North Platte,US,2020-02-22 20:41:38,41.12,-100.77,59.0,16,1,12.75
79,Tiksi,RU,2020-02-22 20:41:38,71.69,128.87,-11.67,90,90,7.4
80,Hualmay,PE,2020-02-22 20:41:38,-11.1,-77.61,79.75,52,92,8.1
81,Kedougou,SN,2020-02-22 20:41:39,12.56,-12.17,87.84,22,30,1.21
82,Kodiak,US,2020-02-22 20:41:39,57.79,-152.41,19.4,52,1,16.11
83,Atar,MR,2020-02-22 20:37:37,20.52,-13.05,77.2,11,97,4.32
84,Linxia,CN,2020-02-22 20:41:39,35.6,103.21,33.96,21,23,4.81
85,Fare,PF,2020-02-22 20:41:39,-16.7,-151.02,82.36,73,22,9.53
86,Celestun,MX,2020-02-22 20:41:40,20.87,-90.4,71.47,73,1,19.89
87,Terme,TR,2020-02-22 20:41:40,41.21,36.97,44.6,75,75,10.29
88,Gasa,PS,2020-02-22 20:41:40,31.5,34.47,53.6,87,40,1.12
89,Macia,MZ,2020-02-22 20:41:40,-25.03,33.1,76.24,90,100,5.39
90,Cape Town,ZA,2020-02-22 20:41:40,-33.93,18.42,66.99,77,20,25.28
91,Ternate,ID,2020-02-22 20:41:41,0.8,127.4,72.91,93,92,2.93
92,Kaitangata,NZ,2020-02-22 20:41:41,-46.28,169.85,54.0,67,66,5.99
93,Karwar,IN,2020-02-22 20:41:41,14.8,74.13,77.31,36,0,5.44
94,Alenquer,BR,2020-02-22 20:41:41,-1.94,-54.74,78.8,88,75,8.05
95,Tarare,FR,2020-02-22 20:41:42,45.9,4.43,50.0,67,41,2.24
96,Puerto Ayora,EC,2020-02-22 20:41:42,-0.74,-90.35,82.4,83,75,9.17
97,Eureka,US,2020-02-22 20:41:42,40.8,-124.16,53.01,81,90,6.93
98,Severo-Kurilsk,RU,2020-02-22 20:41:42,50.68,156.12,7.7,89,31,0.74
99,Mar Del Plata,AR,2020-02-22 20:41:42,-38.0,-57.56,62.6,67,0,13.87
100,Raymond Terrace,AU,2020-02-22 20:41:42,-32.75,151.75,69.01,90,100,12.17
101,Goya,AR,2020-02-22 20:41:43,-29.14,-59.26,79.81,27,0,9.42
102,Mahebourg,MU,2020-02-22 20:40:03,-20.41,57.7,77.0,88,40,2.24
103,Tateyama,JP,2020-02-22 20:41:43,34.98,139.87,48.2,39,20,9.17
104,Mantua,IT,2020-02-22 20:41:43,45.17,10.78,48.99,61,67,3.36
105,Bam,IR,2020-02-22 20:41:44,29.11,58.36,66.2,42,0,9.06
106,Yining,CN,2020-02-22 20:41:44,29.04,114.56,48.49,77,54,1.66
107,Okha,RU,2020-02-22 20:37:51,53.57,142.95,3.47,97,100,5.55
108,Bontang,ID,2020-02-22 20:41:44,0.13,117.5,79.56,79,72,15.46
109,Beisfjord,NO,2020-02-22 20:41:44,68.38,17.6,35.6,96,90,21.92
110,Talcahuano,CL,2020-02-22 20:41:44,-36.72,-73.12,66.2,63,20,10.29
111,Antofagasta,CL,2020-02-22 20:41:45,-23.65,-70.4,72.0,68,20,14.99
112,Lebu,CL,2020-02-22 20:39:13,-37.62,-73.65,66.42,62,15,5.06
113,Lorengau,PG,2020-02-22 20:41:45,-2.02,147.27,82.4,75,52,7.67
114,Cleethorpes,GB,2020-02-22 20:41:45,53.56,-0.03,45.0,75,100,17.22
115,Nieuw Amsterdam,SR,2020-02-22 20:41:45,5.88,-55.08,86.0,70,40,10.29
116,Kapuskasing,CA,2020-02-22 20:41:46,49.42,-82.43,44.6,42,75,9.17
117,Novorzhev,RU,2020-02-22 20:41:46,57.03,29.33,37.42,89,100,21.9
118,Rocha,UY,2020-02-22 20:41:46,-34.48,-54.33,64.8,60,32,9.98
119,Coihaique,CL,2020-02-22 20:40:42,-45.58,-72.07,82.4,18,0,10.29
120,Praxedis Guerrero,MX,2020-02-22 20:41:46,31.37,-106.02,63.0,41,75,4.09
121,Torbay,CA,2020-02-22 20:41:47,47.67,-52.73,26.01,62,20,18.34
122,Pisco,PE,2020-02-22 20:41:47,-13.7,-76.22,78.01,30,20,9.17
123,Kaohsiung,TW,2020-02-22 20:41:47,22.62,120.31,66.99,93,75,5.82
124,Nelson Bay,AU,2020-02-22 20:41:47,-32.72,152.15,72.0,93,100,1.81
125,Khatanga,RU,2020-02-22 20:41:47,71.97,102.5,6.87,83,100,14.27
126,Glace Bay,CA,2020-02-22 20:41:48,46.2,-59.96,32.0,74,75,19.46
127,Tigzirt,DZ,2020-02-22 20:41:48,36.89,4.12,58.53,69,0,14.23
128,Bambous Virieux,MU,2020-02-22 20:41:48,-20.34,57.76,77.0,88,40,2.24
129,Coquimbo,CL,2020-02-22 20:41:48,-29.95,-71.34,66.2,72,20,12.75
130,Pemangkat,ID,2020-02-22 20:41:48,1.17,108.97,75.65,92,100,9.8
131,Balkanabat,TM,2020-02-22 20:41:49,39.51,54.37,48.88,65,100,8.25
132,Ulladulla,AU,2020-02-22 20:41:49,-35.35,150.47,63.0,100,18,4.7
133,Tuktoyaktuk,CA,2020-02-22 20:41:49,69.45,-133.04,3.2,84,90,6.93
134,Pevek,RU,2020-02-22 20:39:21,69.7,170.31,-12.15,98,100,10.78
135,Formosa,AR,2020-02-22 20:38:37,-26.18,-58.18,77.0,36,0,21.92
136,Golden,US,2020-02-22 20:38:10,39.76,-105.22,60.01,30,1,9.17
137,Viedma,AR,2020-02-22 20:41:50,-40.81,-63.0,78.15,26,0,1.1
138,Maridi,SS,2020-02-22 20:41:50,4.92,29.47,81.45,33,92,4.92
139,Hithadhoo,MV,2020-02-22 20:41:50,-0.6,73.08,82.15,81,89,14.03
140,Korocha,RU,2020-02-22 20:41:50,50.81,37.2,33.8,98,75,2.24
141,Kitimat,CA,2020-02-22 20:41:51,54.05,-128.65,37.99,86,75,13.87
142,Cherskiy,RU,2020-02-22 20:41:51,68.75,161.3,-20.52,97,96,4.97
143,Vestmannaeyjar,IS,2020-02-22 20:41:51,63.44,-20.27,34.2,60,100,5.57
144,Tamandare,BR,2020-02-22 20:38:38,-8.76,-35.1,82.13,80,70,14.45
145,Los Arabos,CU,2020-02-22 20:41:51,22.73,-80.72,77.5,55,49,18.79
146,Haines Junction,CA,2020-02-22 20:41:51,60.75,-137.51,12.29,93,99,6.06
147,Coahuayana,MX,2020-02-22 20:36:53,18.73,-103.68,86.0,42,40,9.17
148,Sitka,US,2020-02-22 20:41:52,57.05,-135.33,35.6,80,75,9.17
149,Port Blair,IN,2020-02-22 20:41:52,11.67,92.75,81.28,74,51,12.08
150,Urbana,US,2020-02-22 20:41:43,40.11,-88.21,48.99,42,1,16.11
151,Sivaki,RU,2020-02-22 20:41:52,52.63,126.75,-6.61,100,9,1.32
152,Solnechnyy,RU,2020-02-22 20:41:53,50.72,136.63,5.97,77,20,6.13
153,Kars,TR,2020-02-22 20:40:29,40.6,43.09,30.2,100,90,1.12
154,Avarua,CK,2020-02-22 20:41:53,-21.21,-159.78,84.2,83,69,9.17
155,Barnala,IN,2020-02-22 20:41:53,30.38,75.55,57.27,76,41,4.23
156,Iqaluit,CA,2020-02-22 20:39:20,63.75,-68.51,-25.01,60,20,13.87
157,Baglan,AF,2020-02-22 20:41:54,36.13,68.71,47.1,47,0,2.53
158,Kahului,US,2020-02-22 20:41:54,20.89,-156.47,78.8,54,20,23.06
159,Tuam,IE,2020-02-22 20:41:54,53.52,-8.85,45.0,99,100,11.01
160,Guerrero Negro,MX,2020-02-22 20:41:54,27.98,-114.06,63.82,63,100,14.65
161,Peruibe,BR,2020-02-22 20:40:13,-24.32,-47.0,73.83,73,100,14.67
162,Kamenka,RU,2020-02-22 20:41:54,51.32,42.77,30.0,93,100,5.99
163,Karasjok,NO,2020-02-22 20:41:55,69.47,25.51,33.8,69,22,38.03
164,Bonoua,CI,2020-02-22 20:41:55,5.27,-3.6,82.4,83,8,8.05
165,Zhigansk,RU,2020-02-22 20:41:55,66.77,123.37,-10.16,96,100,7.16
166,Safaga,EG,2020-02-22 20:41:55,26.73,33.94,52.52,69,0,2.46
167,Hobyo,SO,2020-02-22 20:41:56,5.35,48.53,76.69,77,75,14.9
168,Fort Nelson,CA,2020-02-22 20:41:56,58.81,-122.7,37.4,32,20,19.46
169,Sobolevo,RU,2020-02-22 20:41:56,54.43,31.9,33.35,95,100,26.19
170,Monte Patria,CL,2020-02-22 20:41:56,-30.69,-70.95,79.99,26,0,9.57
171,Laguna,US,2020-02-22 20:41:56,38.42,-121.42,72.0,34,1,3.36
172,Adelanto,US,2020-02-22 20:41:56,34.58,-117.41,63.0,66,90,10.29
173,Tevriz,RU,2020-02-22 20:41:57,57.51,72.4,6.22,97,98,3.13
174,Faanui,PF,2020-02-22 20:40:11,-16.48,-151.75,82.04,74,49,9.24
175,Upata,VE,2020-02-22 20:41:57,8.01,-62.4,85.28,51,100,4.03
176,Barabinsk,RU,2020-02-22 20:41:57,55.36,78.36,19.04,96,89,6.73
177,Barcelona,ES,2020-02-22 20:38:08,41.39,2.16,55.99,87,0,3.36
178,Lucea,JM,2020-02-22 20:41:58,18.45,-78.17,82.4,74,20,13.87
179,Mtwara,TZ,2020-02-22 20:41:58,-10.27,40.18,80.6,88,40,3.65
180,Narsaq,GL,2020-02-22 20:41:58,60.92,-46.05,21.2,34,75,12.75
181,Grand Gaube,MU,2020-02-22 20:41:58,-20.01,57.66,77.0,88,40,2.24
182,Qaanaaq,GL,2020-02-22 20:40:23,77.48,-69.36,-14.08,64,99,4.52
183,Kamloops,CA,2020-02-22 20:39:44,50.67,-120.32,42.01,69,75,14.99
184,Bengkulu,ID,2020-02-22 20:41:59,-3.8,102.27,73.42,89,2,4.56
185,Boueni,YT,2020-02-22 20:41:59,-12.9,45.08,84.2,79,92,9.17
186,Fairbanks,US,2020-02-22 20:37:07,64.84,-147.72,12.2,84,90,8.05
187,Carnarvon,AU,2020-02-22 20:39:52,-24.87,113.63,75.2,83,0,4.7
188,Zhengjiatun,CN,2020-02-22 20:42:00,43.51,123.51,23.0,61,91,7.96
189,Chuy,UY,2020-02-22 20:42:00,-33.7,-53.46,67.87,62,31,11.77
190,Inhambane,MZ,2020-02-22 20:41:42,-23.86,35.38,81.41,78,0,6.17
191,Boa Vista,BR,2020-02-22 20:42:01,2.82,-60.67,96.8,30,40,6.93
192,Bakel,SN,2020-02-22 20:42:01,14.9,-12.46,86.52,17,83,2.39
193,Codrington,AU,2020-02-22 20:40:04,-38.27,141.97,58.05,77,0,7.23
194,Maniitsoq,GL,2020-02-22 20:42:01,65.42,-52.9,10.0,82,100,11.43
195,Valparaiso,CL,2020-02-22 20:42:02,-33.04,-71.63,69.8,59,0,11.41
196,Bubaque,GW,2020-02-22 20:42:02,11.28,-15.83,79.5,71,100,19.66
197,Lompoc,US,2020-02-22 20:42:02,34.64,-120.46,64.0,59,20,10.29
198,Hami,CN,2020-02-22 20:39:04,42.8,93.45,29.79,53,9,4.85
199,Lapeer,US,2020-02-22 20:38:13,43.05,-83.32,48.0,42,1,16.11
200,Mecca,SA,2020-02-22 20:38:32,21.43,39.83,69.26,49,0,2.19
201,Omboue,GA,2020-02-22 20:42:03,-1.57,9.26,75.92,95,48,1.72
202,Adre,TD,2020-02-22 20:42:03,13.47,22.2,72.01,10,0,16.53
203,Birao,CF,2020-02-22 20:42:03,10.28,22.79,75.24,12,0,9.24
204,New Norfolk,AU,2020-02-22 20:40:23,-42.78,147.06,54.0,81,20,8.05
205,Campbell River,CA,2020-02-22 20:42:04,50.02,-125.24,46.4,61,40,6.93
206,Yar-Sale,RU,2020-02-22 20:42:04,66.83,70.83,20.55,90,93,18.79
207,Nome,US,2020-02-22 20:42:04,64.5,-165.41,-20.2,82,1,3.24
208,Meulaboh,ID,2020-02-22 20:42:04,4.14,96.13,83.14,69,93,5.21
209,San Rafael Del Sur,NI,2020-02-22 20:42:04,11.85,-86.44,91.4,41,20,20.8
210,Ambilobe,MG,2020-02-22 20:42:05,-13.2,49.05,75.58,92,100,5.12
211,Nalut,LY,2020-02-22 20:42:05,30.33,10.85,50.5,59,0,12.39
212,Volot,RU,2020-02-22 20:42:05,57.93,30.7,37.76,88,100,22.68
213,Rovaniemi,FI,2020-02-22 20:42:05,66.5,25.72,33.8,100,90,6.93
214,Mogadishu,SO,2020-02-22 20:42:05,2.04,45.34,81.72,85,0,23.51
215,Nikolskoye,RU,2020-02-22 20:42:06,59.7,30.79,35.6,93,90,15.66
216,Leopold,AU,2020-02-22 20:42:06,-38.18,144.47,57.0,100,75,6.93
217,Carutapera,BR,2020-02-22 20:42:06,-1.2,-46.02,81.95,75,20,4.16
218,Gorontalo,ID,2020-02-22 20:38:21,0.54,123.06,73.83,90,100,5.61
219,Shache,CN,2020-02-22 20:42:06,38.42,77.24,35.94,42,0,0.6
220,Airai,TL,2020-02-22 20:42:07,-8.93,125.41,66.29,82,8,4.83
221,Lavrentiya,RU,2020-02-22 20:41:08,65.58,-171.0,-17.19,96,33,5.91
222,San Patricio,MX,2020-02-22 20:42:07,19.22,-104.7,84.2,74,20,11.41
223,Loiza,PR,2020-02-22 20:42:07,18.43,-65.88,84.99,54,20,8.05
224,Victoria,HK,2020-02-22 20:38:15,22.29,114.16,64.99,77,20,21.92
225,Winnemucca,US,2020-02-22 20:41:26,40.97,-117.74,55.4,20,1,5.82
226,Leningradskiy,RU,2020-02-22 20:42:08,69.38,178.42,-12.59,95,100,9.93
227,Northam,GB,2020-02-22 20:42:08,51.03,-4.22,50.0,76,40,11.41
228,Itupiranga,BR,2020-02-22 20:42:08,-5.13,-49.33,87.8,66,40,5.82
229,Margate,GB,2020-02-22 20:39:44,51.38,1.39,52.0,62,40,23.04
230,Lakatoro,VU,2020-02-22 20:42:09,-16.1,167.42,75.2,100,20,1.12
231,Beaverton,US,2020-02-22 20:39:07,45.49,-122.8,55.0,61,90,4.7
232,Adrar,MR,2020-02-22 20:42:09,20.5,-10.07,83.16,10,95,11.59
233,Dargaville,NZ,2020-02-22 20:42:09,-35.93,173.88,67.1,61,0,10.36
234,Mount Isa,AU,2020-02-22 20:42:09,-20.73,139.5,80.6,74,40,3.36
235,Abakaliki,NG,2020-02-22 20:42:10,6.32,8.12,86.0,48,0,3.36
236,Lata,PT,2020-02-22 20:42:10,40.16,-8.33,57.0,82,0,3.36
237,Araxa,BR,2020-02-22 20:42:10,-19.59,-46.94,73.31,91,76,5.88
238,Gamba,GA,2020-02-22 20:42:10,-2.65,10.0,79.56,88,100,3.56
239,Manitouwadge,CA,2020-02-22 20:42:10,49.12,-85.84,33.8,86,90,9.17
240,Penzance,GB,2020-02-22 20:38:56,50.12,-5.54,53.01,93,100,14.99
241,Dwarka,IN,2020-02-22 20:39:06,22.24,68.97,75.45,55,0,13.27
242,Ndende,GA,2020-02-22 20:42:11,-2.4,11.36,75.29,97,100,1.43
243,Brae,GB,2020-02-22 20:40:31,60.4,-1.35,42.8,80,68,25.28
244,Mackay,AU,2020-02-22 20:42:11,-21.15,149.2,78.01,88,75,19.46
245,Lumphat,KH,2020-02-22 20:42:11,13.49,106.98,68.92,64,100,10.56
246,Sawakin,SD,2020-02-22 20:42:12,19.11,37.33,71.6,68,84,5.82
247,Sorland,NO,2020-02-22 20:41:13,67.67,12.69,40.95,77,96,19.48
248,Nishihara,JP,2020-02-22 20:42:12,26.18,127.76,62.6,67,20,11.41
249,Dunedin,NZ,2020-02-22 20:42:12,-45.87,170.5,68.0,43,73,1.01
250,Cabo Rojo,PR,2020-02-22 20:42:13,18.09,-67.15,86.0,61,40,3.36
251,Mitsamiouli,KM,2020-02-22 20:42:13,-11.38,43.28,84.47,76,99,9.28
252,La Asuncion,VE,2020-02-22 20:42:13,11.03,-63.86,87.8,45,100,14.99
253,Sao Filipe,CV,2020-02-22 20:40:17,14.9,-24.5,67.42,82,84,20.85
254,Yumen,CN,2020-02-22 20:42:13,40.28,97.2,29.14,38,0,5.77
255,Gimbi,ET,2020-02-22 20:42:13,9.17,35.83,73.98,46,82,3.13
256,Chokurdakh,RU,2020-02-22 20:42:14,70.63,147.92,-13.88,97,100,1.48
257,Port Alfred,ZA,2020-02-22 20:40:23,-33.59,26.89,64.0,97,100,3.0
258,Ankara,TR,2020-02-22 20:38:03,39.92,32.85,35.6,74,75,3.36
259,Portland,US,2020-02-22 20:42:14,45.52,-122.68,55.0,57,75,4.7
260,Egvekinot,RU,2020-02-22 20:42:14,66.32,-179.17,-30.23,100,95,1.54
261,Polunochnoye,RU,2020-02-22 20:42:14,60.87,60.42,22.33,90,38,8.28
262,Sarakhs,IR,2020-02-22 20:42:14,36.54,61.16,46.4,81,26,2.24
263,Bonavista,CA,2020-02-22 20:37:59,48.65,-53.11,24.01,72,85,8.01
264,Berezovyy,RU,2020-02-22 20:42:15,51.67,135.7,-0.18,81,0,2.91
265,Bethel,US,2020-02-22 20:42:00,41.37,-73.41,50.0,20,1,10.29
266,Badvel,IN,2020-02-22 20:42:16,14.75,79.05,66.81,96,25,3.78
267,Strezhevoy,RU,2020-02-22 20:42:16,60.73,77.59,1.4,84,0,2.24
268,Port Lincoln,AU,2020-02-22 20:42:16,-34.73,135.87,64.6,82,0,6.15
269,Hervey Bay,AU,2020-02-22 20:42:16,-25.3,152.85,77.0,73,40,12.75
270,Aykhal,RU,2020-02-22 20:42:16,66.0,111.5,-9.4,83,99,6.71
271,Geraldton,AU,2020-02-22 20:39:27,-28.77,114.6,69.8,94,0,9.17
272,Manggar,ID,2020-02-22 20:42:17,-2.88,108.27,81.7,79,0,10.85
273,Champerico,GT,2020-02-22 20:40:42,14.3,-91.92,93.2,44,40,11.41
274,Turek,PL,2020-02-22 20:42:17,52.02,18.5,51.01,57,100,7.0
275,Mount Gambier,AU,2020-02-22 20:42:17,-37.83,140.77,48.2,93,3,3.33
276,Heide,DE,2020-02-22 20:42:17,54.2,9.1,46.4,70,75,26.4
277,Chapais,CA,2020-02-22 20:42:18,49.78,-74.85,33.8,55,75,18.34
278,Sakiai,LT,2020-02-22 20:42:18,54.95,23.04,42.8,70,90,16.11
279,Bathsheba,BB,2020-02-22 20:42:18,13.22,-59.52,82.4,65,20,10.29
280,Kruisfontein,ZA,2020-02-22 20:42:18,-34.0,24.73,63.36,84,100,16.15
281,Norman Wells,CA,2020-02-22 20:41:56,65.28,-126.83,6.8,77,75,5.82
282,Noumea,NC,2020-02-22 20:41:38,-22.28,166.46,80.01,78,0,12.68
283,Kirkland Lake,CA,2020-02-22 20:41:00,48.14,-80.04,41.0,44,1,13.87
284,Broome,US,2020-02-22 20:42:19,42.25,-75.83,44.01,40,1,13.87
285,Guadalajara,MX,2020-02-22 20:37:33,20.67,-103.33,86.0,30,40,5.82
286,Mercedes,AR,2020-02-22 20:37:43,-34.65,-59.43,78.01,35,0,3.0
287,Aripuana,BR,2020-02-22 20:42:19,-9.17,-60.63,80.94,80,100,1.61
288,Klaksvik,FO,2020-02-22 20:37:23,62.23,-6.59,35.6,69,96,8.05
289,Rosarito,MX,2020-02-22 20:42:20,32.33,-117.03,63.0,67,75,11.41
290,Byron Bay,AU,2020-02-22 20:42:20,-28.65,153.62,70.0,94,90,4.61
291,Tuatapere,NZ,2020-02-22 20:42:20,-46.13,167.68,57.99,78,32,11.01
292,Fuyang,CN,2020-02-22 20:42:20,32.9,115.82,42.1,65,27,7.92
293,Chiniot,PK,2020-02-22 20:38:48,31.72,72.98,61.27,56,0,1.68
294,Along,IN,2020-02-22 20:42:21,28.17,94.77,55.83,76,99,4.65
295,Curumani,CO,2020-02-22 20:42:21,9.2,-73.54,83.77,53,100,1.39
296,Sao Miguel,BR,2020-02-22 20:42:21,-5.47,-35.37,84.2,78,75,10.29
297,Grindavik,IS,2020-02-22 20:42:22,63.84,-22.43,30.2,74,100,4.7
298,Ouro Branco,BR,2020-02-22 20:42:22,-20.52,-43.69,69.66,95,100,4.61
299,Ilhabela,BR,2020-02-22 20:42:09,-23.78,-45.36,74.1,75,100,13.4
300,Hambantota,LK,2020-02-22 20:42:23,6.12,81.12,79.25,83,100,22.68
301,Belmonte,BR,2020-02-22 20:42:23,-15.86,-38.88,86.0,79,20,10.29
302,Sangar,RU,2020-02-22 20:42:23,63.92,127.47,-15.3,92,43,1.61
303,Yurimaguas,PE,2020-02-22 20:42:23,-5.9,-76.08,77.0,83,75,0.72
304,Morwell,AU,2020-02-22 20:42:23,-38.23,146.4,59.0,97,0,1.12
305,Fortuna,US,2020-02-22 20:42:23,40.6,-124.16,57.0,81,90,6.93
306,Yulara,AU,2020-02-22 20:42:24,-25.24,130.99,68.0,20,0,5.82
307,Tarakan,ID,2020-02-22 20:38:46,3.3,117.63,76.59,82,5,11.3
308,Kajaani,FI,2020-02-22 20:42:24,64.17,27.67,33.8,95,90,14.99
309,Balabac,PH,2020-02-22 20:42:24,7.99,117.06,79.63,76,17,20.51
310,Pedro Carbo,EC,2020-02-22 20:42:24,-1.83,-80.23,89.6,62,75,9.17
311,Auce,LV,2020-02-22 20:42:25,56.46,22.9,39.76,71,51,16.69
312,Kendari,ID,2020-02-22 20:42:25,-3.94,122.5,74.95,93,98,1.52
313,Maceio,BR,2020-02-22 20:40:18,-9.67,-35.74,84.2,74,20,12.75
314,Jilin,CN,2020-02-22 20:42:25,43.0,126.0,6.69,86,0,4.65
315,Clyde River,CA,2020-02-22 20:42:25,70.47,-68.59,-23.8,74,1,6.93
316,Antsohihy,MG,2020-02-22 20:42:26,-14.88,47.99,74.48,95,100,2.86
317,Hwange,ZW,2020-02-22 20:42:26,-18.37,26.5,72.48,79,50,1.92
318,Saurimo,AO,2020-02-22 20:42:26,-9.66,20.39,69.57,91,100,1.14
319,Prado,BR,2020-02-22 20:42:26,-17.34,-39.22,81.5,84,94,15.95
320,Simmerath,DE,2020-02-22 20:42:26,50.6,6.3,52.0,81,100,21.92
321,Sabzevar,IR,2020-02-22 20:37:51,36.21,57.68,51.53,57,67,6.85
322,Pangoa,PE,2020-02-22 20:42:27,-12.12,-73.0,70.02,99,100,0.94
323,Kaseda,JP,2020-02-22 20:42:27,31.42,130.32,44.01,71,0,11.99
324,Neryungri,RU,2020-02-22 20:42:27,56.67,124.65,-3.3,78,50,1.86
325,Trelew,AR,2020-02-22 20:38:45,-43.25,-65.31,88.56,5,0,16.73
326,Menongue,AO,2020-02-22 20:42:28,-14.66,17.69,65.98,92,100,3.15
327,Georgetown,MY,2020-02-22 20:42:28,5.41,100.34,80.6,78,20,12.75
328,Zaraza,VE,2020-02-22 20:42:28,9.35,-65.32,89.02,45,79,15.17
329,Saint-Jacques,CA,2020-02-22 20:42:28,45.95,-73.57,37.0,55,75,11.41
330,Poum,NC,2020-02-22 20:40:25,-20.23,164.02,80.56,81,0,18.79
331,Kota Kinabalu,MY,2020-02-22 20:42:29,5.97,116.07,73.99,83,20,3.36
332,Rapu-Rapu,PH,2020-02-22 20:42:29,13.19,124.13,74.62,88,56,11.52
333,Mayo,US,2020-02-22 20:39:27,38.89,-76.51,55.99,15,1,8.05
334,Bintulu,MY,2020-02-22 20:42:29,3.17,113.03,75.2,94,75,3.36
335,Deputatskiy,RU,2020-02-22 20:42:29,69.3,139.9,-12.66,100,93,0.58
336,Dudinka,RU,2020-02-22 20:38:15,69.41,86.18,10.4,85,100,26.84
337,Hawick,GB,2020-02-22 20:42:30,55.42,-2.79,39.0,86,96,27.51
338,Ayr,GB,2020-02-22 20:42:30,55.46,-4.63,39.2,80,100,23.04
339,Shimanovsk,RU,2020-02-22 20:42:30,52.0,127.7,-5.51,100,11,1.16
340,Gaoual,GN,2020-02-22 20:39:40,11.75,-13.2,88.18,24,100,3.71
341,Mala,PE,2020-02-22 20:42:31,-12.66,-76.63,72.88,62,55,8.19
342,Olinda,BR,2020-02-22 20:42:31,-8.01,-34.86,84.2,79,40,8.05
343,Kalmunai,LK,2020-02-22 20:42:32,7.42,81.82,80.53,82,92,17.11
344,Cap Malheureux,MU,2020-02-22 20:40:50,-19.98,57.61,77.0,88,40,2.24
345,Vila Franca Do Campo,PT,2020-02-22 20:40:11,37.72,-25.43,57.2,76,20,4.7
346,Matadi,CD,2020-02-22 20:42:33,-5.82,13.45,77.85,91,100,4.03
347,Sur,OM,2020-02-22 20:42:34,22.57,59.53,68.61,82,96,1.74
348,Rastolita,RO,2020-02-22 20:42:34,46.97,24.99,32.0,96,93,7.0
349,Sistranda,NO,2020-02-22 20:42:34,63.73,8.83,37.4,86,40,23.04
350,Alyangula,AU,2020-02-22 20:42:34,-13.85,136.42,78.8,94,90,6.93
351,Alexander City,US,2020-02-22 20:40:42,32.94,-85.95,57.99,25,1,4.7
352,Samarai,PG,2020-02-22 20:42:35,-10.62,150.67,79.27,86,87,3.29
353,San Roque,ES,2020-02-22 20:42:35,36.21,-5.38,59.0,77,1,28.86
354,Petropavl,KZ,2020-02-22 20:42:35,54.88,69.16,19.31,95,83,4.38
355,Middleton,GB,2020-02-22 20:42:35,53.55,-2.2,48.0,87,97,9.17
356,Verkhnyachka,UA,2020-02-22 20:42:36,48.83,30.04,35.38,77,62,9.51
357,Turukhansk,RU,2020-02-22 20:42:36,65.82,87.98,4.78,97,100,6.11
358,Kasongo-Lunda,CD,2020-02-22 20:42:36,-6.47,16.82,71.71,92,100,0.69
359,Qaqortoq,GL,2020-02-22 20:42:36,60.72,-46.03,21.2,34,75,12.75
360,Urucui,BR,2020-02-22 20:42:36,-7.23,-44.56,79.52,84,99,1.83
361,Ascension,US,2020-02-22 20:42:36,30.22,-90.9,61.0,44,1,4.7
362,Abha,SA,2020-02-22 20:42:37,18.22,42.51,64.4,29,55,11.41
363,Buraydah,SA,2020-02-22 20:42:37,26.33,43.98,66.2,39,0,11.41
364,Latung,PH,2020-02-22 20:42:37,5.5,120.88,81.7,67,100,6.67
365,Luderitz,NA,2020-02-22 20:42:37,-26.65,15.16,66.2,77,0,19.46
366,Zemio,CF,2020-02-22 20:42:37,5.03,25.14,78.57,26,37,6.44
367,Hofn,IS,2020-02-22 20:42:38,64.25,-15.21,34.3,67,100,9.62
368,Rawson,AR,2020-02-22 20:42:38,-43.3,-65.1,72.46,42,0,24.87
369,Minnedosa,CA,2020-02-22 20:42:38,50.25,-99.84,28.4,63,75,11.41
370,Grandview,US,2020-02-22 20:42:38,38.89,-94.53,55.0,40,1,12.75
371,Abu Kamal,SY,2020-02-22 20:42:38,34.45,40.92,56.28,57,57,1.25
372,Comodoro Rivadavia,AR,2020-02-22 20:38:45,-45.87,-67.5,80.6,26,26,21.92
373,Damietta,EG,2020-02-22 20:42:39,31.42,31.81,59.18,65,0,13.42
374,Vilhena,BR,2020-02-22 20:42:39,-12.74,-60.15,75.2,94,75,9.17
375,Dogondoutchi,NE,2020-02-22 20:42:39,13.64,4.03,81.82,12,33,12.75
376,Umm Lajj,SA,2020-02-22 20:42:39,25.02,37.27,62.47,49,0,5.39
377,Ilinskiy,RU,2020-02-22 20:42:40,55.62,38.12,37.99,74,97,13.42
378,San Pedro,PH,2020-02-22 20:42:40,14.35,121.02,77.0,73,75,3.36
379,West Bay,KY,2020-02-22 20:42:40,19.37,-81.42,78.8,69,75,9.17
380,Kensington,AU,2020-02-22 20:42:40,-33.92,151.22,69.01,100,90,6.93
381,Verkhoyansk,RU,2020-02-22 20:42:40,67.54,133.38,-12.39,100,86,1.57
382,Tagakpan,PH,2020-02-22 20:42:40,7.11,125.43,77.0,73,75,4.7
383,Presidente Bernardes,BR,2020-02-22 20:42:41,-22.01,-51.55,79.54,85,22,7.78
384,Athabasca,CA,2020-02-22 20:42:41,54.72,-113.29,32.18,71,43,15.99
385,Abonnema,NG,2020-02-22 20:42:41,4.71,6.79,83.26,78,79,11.52
386,Moranbah,AU,2020-02-22 20:42:41,-22.0,148.05,73.76,83,99,15.79
387,Kutum,SD,2020-02-22 20:42:41,14.2,24.67,58.91,17,23,5.32
388,Porto Tolle,IT,2020-02-22 20:42:42,44.95,12.32,50.0,93,68,2.24
389,Sola,VU,2020-02-22 20:42:42,-13.88,167.55,81.86,80,24,14.54
390,Stara Vyzhivka,UA,2020-02-22 20:42:42,51.44,24.44,42.46,62,100,21.68
391,Alamosa,US,2020-02-22 20:42:42,37.47,-105.87,46.4,45,75,8.05
392,Torit,SS,2020-02-22 20:42:43,4.41,32.57,83.12,53,100,2.55
393,Alice Springs,AU,2020-02-22 20:42:43,-23.7,133.88,60.8,31,0,1.12
394,Los Llanos De Aridane,ES,2020-02-22 20:42:43,28.66,-17.92,68.0,42,0,13.87
395,Nemuro,JP,2020-02-22 20:42:43,43.32,145.57,32.99,77,1,24.58
396,Touros,BR,2020-02-22 20:42:43,-5.2,-35.46,82.4,78,75,10.29
397,Itarema,BR,2020-02-22 20:42:43,-2.92,-39.92,74.1,96,100,6.11
398,Lobito,AO,2020-02-22 20:42:44,-12.35,13.55,80.4,76,100,4.12
399,Asyut,EG,2020-02-22 20:42:44,27.18,31.18,51.06,52,0,6.67
400,Shirpur,IN,2020-02-22 20:42:44,21.35,74.88,69.3,26,0,5.68
401,Salinas,US,2020-02-22 20:42:44,36.68,-121.66,66.99,76,90,10.29
402,Pangnirtung,CA,2020-02-22 20:42:44,66.15,-65.71,-31.0,59,5,2.48
403,Mehran,IR,2020-02-22 20:42:44,33.12,46.16,46.4,70,75,4.7
404,Wabana,CA,2020-02-22 20:42:45,47.63,-52.95,26.01,62,20,18.34
405,Krasnoshchekovo,RU,2020-02-22 20:42:45,51.67,82.73,25.61,97,100,6.89
406,Doha,QA,2020-02-22 20:42:45,25.29,51.53,69.01,93,0,3.36
407,Rzhev,RU,2020-02-22 20:42:45,56.26,34.33,32.97,90,100,23.42
408,Thompson,CA,2020-02-22 20:40:58,55.74,-97.86,24.8,53,20,4.7
409,Kirakira,SB,2020-02-22 20:42:46,-10.45,161.92,79.99,82,0,4.76
410,Kununurra,AU,2020-02-22 20:42:46,-15.77,128.73,75.2,88,58,1.12
411,Vinh Long,VN,2020-02-22 20:42:46,10.25,105.97,77.0,88,0,3.36
412,Savannah Bight,HN,2020-02-22 20:42:46,16.45,-85.85,78.03,80,8,18.45
413,Buchanan,LR,2020-02-22 20:42:46,5.88,-10.05,80.6,83,20,4.38
414,Saiha,IN,2020-02-22 20:42:46,22.48,92.97,57.34,52,0,4.07
415,Uspenka,UA,2020-02-22 20:42:47,48.39,39.16,32.9,99,100,2.86
416,Pochutla,MX,2020-02-22 20:42:47,15.74,-96.47,93.2,41,20,6.93
417,Garni,AM,2020-02-22 20:42:47,40.12,44.73,37.4,86,100,2.01
418,Husavik,IS,2020-02-22 20:41:34,66.04,-17.34,21.94,87,100,10.38
419,Elban,RU,2020-02-22 20:42:47,50.1,136.51,-1.07,89,87,2.19
420,Inirida,CO,2020-02-22 20:42:48,3.87,-67.92,89.83,60,94,0.65
421,Isangel,VU,2020-02-22 20:42:48,-19.55,169.27,78.8,83,20,16.35
422,Ahome,MX,2020-02-22 20:42:48,25.92,-109.18,84.99,32,90,4.7
423,Contamana,PE,2020-02-22 20:42:48,-7.33,-75.02,77.34,95,100,2.51
424,La Ronge,CA,2020-02-22 20:42:48,55.1,-105.28,37.4,51,90,10.29
425,Talnakh,RU,2020-02-22 20:42:49,69.49,88.4,10.4,85,100,26.84
426,Suntar,RU,2020-02-22 20:42:49,62.14,117.63,-5.48,97,90,1.28
427,Roma,US,2020-02-22 20:39:18,43.21,-75.46,42.01,55,40,13.87
428,Buala,SB,2020-02-22 20:42:49,-8.14,159.59,81.03,80,2,3.71
429,Yacuanquer,CO,2020-02-22 20:42:50,1.12,-77.4,68.0,82,75,3.36
430,Vostok,RU,2020-02-22 20:42:50,46.49,135.88,8.71,96,100,5.01
431,Lendava,SI,2020-02-22 20:42:50,46.56,16.45,46.4,69,100,5.82
432,Parangan,PH,2020-02-22 20:42:50,5.08,119.94,80.64,77,100,14.32
433,Ancud,CL,2020-02-22 20:42:50,-41.87,-73.82,80.6,28,0,6.93
434,Ondjiva,AO,2020-02-22 20:42:50,-17.07,15.73,70.92,84,88,6.31
435,Flinders,AU,2020-02-22 20:42:51,-34.58,150.86,68.0,83,100,8.97
436,Port Macquarie,AU,2020-02-22 20:38:37,-31.43,152.92,66.2,100,40,8.3
437,Ende,ID,2020-02-22 20:42:51,-8.84,121.66,82.44,78,79,8.59
438,Makakilo City,US,2020-02-22 20:40:08,21.35,-158.09,77.0,88,40,3.36
439,Xinyu,CN,2020-02-22 20:42:51,27.8,114.93,50.92,71,10,0.87
440,Port-Gentil,GA,2020-02-22 20:42:51,-0.72,8.78,82.4,88,20,5.82
441,College,US,2020-02-22 20:42:38,64.86,-147.8,10.99,84,90,8.05
442,Manono,CD,2020-02-22 20:42:52,-7.3,27.42,73.15,86,99,1.34
443,Payakumbuh,ID,2020-02-22 20:42:52,-0.22,100.63,66.04,98,79,3.38
444,Canto Do Buriti,BR,2020-02-22 20:42:52,-8.11,-42.94,80.02,76,90,1.61
445,Avera,US,2020-02-22 20:42:52,33.19,-82.53,55.99,28,1,4.7
446,Calama,CL,2020-02-22 20:42:53,-22.47,-68.93,75.2,31,20,28.86
447,Naze,JP,2020-02-22 20:42:53,28.37,129.48,60.8,59,75,13.87
448,Dingle,PH,2020-02-22 20:40:05,11.0,122.67,70.03,90,0,11.03
449,Maningrida,AU,2020-02-22 20:42:53,-12.07,134.27,84.2,76,100,19.19
450,Nara,JP,2020-02-22 20:39:53,34.69,135.8,50.0,86,20,2.24
451,Kurtamysh,RU,2020-02-22 20:42:53,54.91,64.43,22.12,97,72,5.64
452,Vestmanna,FO,2020-02-22 20:42:54,62.16,-7.17,35.6,69,45,8.05
453,Sampit,ID,2020-02-22 20:42:54,-2.53,112.95,73.81,94,100,0.11
454,Yarada,IN,2020-02-22 20:42:54,17.65,83.27,69.8,88,20,2.24
455,Sumbe,AO,2020-02-22 20:42:54,-11.21,13.84,80.85,81,100,3.09
456,Mabaruma,GY,2020-02-22 20:42:54,8.2,-59.78,83.23,59,97,5.68
457,Hailey,US,2020-02-22 20:42:54,43.52,-114.32,35.6,59,5,4.7
458,Bukan,IR,2020-02-22 20:42:55,36.52,46.21,33.53,86,99,3.85
459,Auki,SB,2020-02-22 20:42:55,-8.77,160.7,82.92,77,6,4.14
460,Gilgit,PK,2020-02-22 20:42:55,35.92,74.31,16.61,34,11,3.31
461,Kuching,MY,2020-02-22 20:39:55,1.55,110.33,75.2,100,40,4.7
462,Dongsheng,CN,2020-02-22 20:42:56,39.82,109.98,28.36,54,0,16.17
463,San Marco In Lamis,IT,2020-02-22 20:42:56,41.71,15.64,42.8,81,5,5.82
464,Callaway,US,2020-02-22 20:42:56,30.15,-85.57,61.0,24,1,4.7
465,Kimbe,PG,2020-02-22 20:42:56,-5.55,150.14,76.55,91,71,1.99
466,Petropavlovsk-Kamchatskiy,RU,2020-02-22 20:42:56,53.05,158.65,-2.2,64,0,11.18
467,Baltatesti,RO,2020-02-22 20:42:57,47.12,26.3,34.0,75,28,9.17
468,Slupca,PL,2020-02-22 20:42:57,52.29,17.87,51.01,70,100,5.99
469,Feijo,BR,2020-02-22 20:42:57,-8.16,-70.35,75.97,92,100,3.96
470,Namibe,AO,2020-02-22 20:42:57,-15.2,12.15,75.34,79,100,15.39
471,Prosvet,RU,2020-02-22 20:42:57,55.57,65.08,27.28,96,100,4.92
472,Leova,MD,2020-02-22 20:42:57,46.48,28.26,37.53,75,0,5.84
473,Novyy Urengoy,RU,2020-02-22 20:42:58,66.08,76.63,10.29,91,100,19.46
474,Athens,GR,2020-02-22 20:41:55,37.98,23.72,46.99,81,40,3.36
475,Crotone,IT,2020-02-22 20:42:58,39.09,17.12,44.38,60,0,10.27
476,Aasiaat,GL,2020-02-22 20:42:58,68.71,-52.87,-3.93,92,100,3.71
477,Lasa,IT,2020-02-22 20:42:58,46.62,10.7,42.8,69,5,8.05
478,Pampas,PE,2020-02-22 20:42:58,-12.4,-74.9,47.39,89,100,8.14
479,Paramonga,PE,2020-02-22 20:42:59,-10.67,-77.83,73.04,80,100,8.34
480,San Cristobal,VE,2020-02-22 20:42:59,7.77,-72.22,84.2,62,40,11.41
481,Constitucion,CL,2020-02-22 20:42:59,-35.33,-72.42,62.53,72,0,6.11
482,Rock Sound,BS,2020-02-22 20:42:59,24.9,-76.2,70.75,75,24,26.26
483,Bhatgaon,IN,2020-02-22 20:42:59,21.15,81.7,72.43,45,0,3.76
484,Point Fortin,TT,2020-02-22 20:43:00,10.18,-61.68,84.2,62,40,9.17
485,Jagdalpur,IN,2020-02-22 20:43:00,19.07,82.03,65.91,58,0,2.51
486,Laem Sing,TH,2020-02-22 20:43:00,12.48,102.07,81.0,41,21,17.0
487,Aguimes,ES,2020-02-22 20:43:00,27.91,-15.45,75.2,38,89,17.22
488,Juba,SS,2020-02-22 20:43:00,4.85,31.58,84.06,48,61,2.89
489,Baringo,KE,2020-02-22 20:43:00,0.47,35.97,75.51,57,28,3.96
490,Saldanha,ZA,2020-02-22 20:43:01,-33.01,17.94,68.0,72,85,14.99
491,Bambui,BR,2020-02-22 20:43:01,-20.01,-45.98,76.19,86,74,5.3
492,Nuuk,GL,2020-02-22 20:43:01,64.18,-51.72,14.0,72,90,13.87
493,Ialibu,PG,2020-02-22 20:43:01,-6.28,143.99,61.5,97,99,1.3
494,San Angelo,US,2020-02-22 20:40:41,31.46,-100.44,64.0,42,1,14.99
495,Sisimiut,GL,2020-02-22 20:43:01,66.94,-53.67,-3.98,81,100,5.12
496,Walvis Bay,NA,2020-02-22 20:43:02,-22.96,14.51,66.2,72,10,6.93
497,Udachnyy,RU,2020-02-22 20:43:02,66.42,112.4,-9.4,83,97,6.71
498,Necocli,CO,2020-02-22 20:43:02,8.42,-76.79,86.0,70,40,20.8
499,Amboasary,MG,2020-02-22 20:43:02,-25.03,46.38,78.8,78,40,21.92
500,Kushima,JP,2020-02-22 20:39:06,31.46,131.23,44.01,75,0,11.99
501,Shitanjing,CN,2020-02-22 20:43:03,39.23,106.34,29.32,34,0,1.72
502,Amasya,TR,2020-02-22 20:43:03,40.67,35.83,37.4,98,75,12.75
503,Zhangjiakou,CN,2020-02-22 20:39:04,40.81,114.88,19.04,33,0,2.73
504,Amahai,ID,2020-02-22 20:38:47,-3.33,128.92,82.62,74,33,14.74
505,Kvitok,RU,2020-02-22 20:43:03,56.07,98.48,9.7,97,94,3.18
506,Berbera,SO,2020-02-22 20:43:03,10.44,45.01,77.09,81,9,10.67
507,Alihe,CN,2020-02-22 20:43:04,50.57,123.72,3.88,90,94,2.66
508,Urusha,RU,2020-02-22 20:43:04,54.05,122.9,-0.9,97,100,2.3
509,Necochea,AR,2020-02-22 20:43:04,-38.55,-58.74,64.0,67,0,5.01
510,Presidencia Roque Saenz Pena,AR,2020-02-22 20:43:04,-26.79,-60.44,77.61,35,0,5.5
511,Belomorsk,RU,2020-02-22 20:43:04,64.52,34.77,33.75,89,100,19.77
512,Caravelas,BR,2020-02-22 20:43:04,-17.71,-39.25,81.5,84,94,15.95
513,Okhotsk,RU,2020-02-22 20:43:05,59.38,143.3,-12.35,100,87,3.8
514,Calabozo,VE,2020-02-22 20:43:05,8.92,-67.43,97.07,29,100,4.97
515,Tehachapi,US,2020-02-22 20:43:05,35.13,-118.45,66.99,65,90,10.29
516,Mufumbwe,ZM,2020-02-22 20:43:05,-13.68,24.8,66.9,95,72,2.89
517,Yerbogachen,RU,2020-02-22 20:43:05,61.28,108.01,10.27,96,85,4.85
518,Honghu,CN,2020-02-22 20:43:06,29.82,113.46,55.2,75,97,2.86
519,Kroya,ID,2020-02-22 20:43:06,-7.63,109.25,74.89,91,89,1.54
520,Yemtsa,RU,2020-02-22 20:43:06,63.07,40.33,31.86,91,100,18.21
521,Oeiras,BR,2020-02-22 20:43:06,-7.03,-42.13,77.83,91,100,2.89
522,Matara,LK,2020-02-22 20:43:06,5.95,80.54,78.35,73,100,10.22
523,Barranca,PE,2020-02-22 20:43:07,-10.75,-77.77,73.58,86,100,10.65
524,Smidovich,RU,2020-02-22 20:43:07,48.6,133.82,2.37,82,75,8.39
525,Pozo Colorado,PY,2020-02-22 20:43:07,-23.49,-58.8,83.57,23,60,11.21
526,Guaiba,BR,2020-02-22 20:43:07,-30.11,-51.33,75.2,47,75,11.41
527,Redmond,US,2020-02-22 20:41:34,47.67,-122.12,48.2,75,90,2.37
528,Gao,ML,2020-02-22 20:43:08,16.64,1.64,81.81,9,85,14.76
529,Ruteng,ID,2020-02-22 20:43:08,-8.61,120.47,69.12,98,100,2.08
530,Mlonggo,ID,2020-02-22 20:43:08,-6.53,110.7,80.71,82,100,14.14
531,Mandera,KE,2020-02-22 20:43:08,3.94,41.87,77.0,16,14,1.99
532,Nyaunglebin,MM,2020-02-22 20:43:08,17.95,96.73,69.31,47,20,1.28
533,Jaisalmer,IN,2020-02-22 20:43:09,26.91,70.92,65.79,49,0,6.15
534,Waitara,NZ,2020-02-22 20:43:09,-38.92,174.25,61.0,81,46,17.0
535,Candabong,PH,2020-02-22 20:40:20,9.73,124.54,79.07,76,0,20.09
536,Biak,ID,2020-02-22 20:43:09,-0.91,122.88,81.88,77,37,12.53
537,Yurla,RU,2020-02-22 20:43:09,59.33,54.32,32.5,86,100,10.4
538,Belmopan,BZ,2020-02-22 20:43:10,17.25,-88.77,80.6,78,75,4.7
539,Santa Cruz,BO,2020-02-22 20:43:10,-17.8,-63.17,80.6,44,40,25.28
540,Kota Bahru,MY,2020-02-22 20:43:10,6.13,102.24,80.6,78,20,13.87
541,Miraflores,MX,2020-02-22 20:43:10,19.22,-98.81,80.6,28,20,6.93
542,Kwinana,AU,2020-02-22 20:43:10,-32.25,115.77,69.01,88,17,2.24
543,Amapa,BR,2020-02-22 20:42:25,1.0,-52.0,78.84,86,65,2.82
544,Sinop,TR,2020-02-22 20:43:11,41.77,34.87,43.0,79,98,12.75
545,Ponta Do Sol,PT,2020-02-22 20:39:37,32.67,-17.1,69.01,77,20,19.46
546,Noyabrsk,RU,2020-02-22 20:43:11,63.2,75.45,6.4,78,100,18.92
547,Dicabisagan,PH,2020-02-22 20:43:11,17.08,122.42,71.33,90,87,9.73
548,Genhe,CN,2020-02-22 20:43:12,50.78,121.52,-0.87,99,100,2.68
549,Kundiawa,PG,2020-02-22 20:43:12,-6.02,144.97,55.94,93,95,2.39
550,Nouadhibou,MR,2020-02-22 20:43:12,20.93,-17.03,64.4,77,20,16.11
551,Sterling,US,2020-02-22 20:43:01,39.01,-77.43,55.99,18,1,9.17
552,Palembang,ID,2020-02-22 20:43:12,-2.92,104.75,73.45,98,72,3.31
553,Beyneu,KZ,2020-02-22 20:43:12,45.32,55.2,34.41,78,61,9.89
554,Kavieng,PG,2020-02-22 20:38:36,-2.57,150.8,83.43,73,13,5.53
555,Kloulklubed,PW,2020-02-22 20:43:13,7.04,134.26,77.0,94,90,5.82
556,Manokwari,ID,2020-02-22 20:43:13,-0.87,134.08,72.01,83,100,4.88
557,Luau,AO,2020-02-22 20:43:13,-10.71,22.22,68.65,95,100,2.28
558,Boyolangu,ID,2020-02-22 20:43:13,-8.12,111.89,73.51,91,40,0.56
559,Marienburg,PL,2020-02-22 20:43:13,54.04,19.03,46.0,70,75,25.28
560,San Ramon,US,2020-02-22 20:43:14,37.78,-121.98,73.4,23,1,12.75
561,Denpasar,ID,2020-02-22 20:41:37,-8.65,115.22,74.43,88,47,4.25
562,Ekibastuz,KZ,2020-02-22 20:43:14,51.67,75.37,15.8,97,100,9.04
563,Alofi,NU,2020-02-22 20:43:14,-19.06,-169.92,82.4,83,75,8.05
564,Kongwa,TZ,2020-02-22 20:43:15,-6.2,36.42,66.29,96,100,5.06
565,Monroe,US,2020-02-22 20:43:15,43.15,-77.68,43.0,44,1,10.29
566,Cidreira,BR,2020-02-22 20:43:15,-30.18,-50.21,70.93,67,15,17.34
567,Mayor Pablo Lagerenza,PY,2020-02-22 20:43:15,-19.93,-60.77,83.28,31,83,9.6
568,Newport,GB,2020-02-22 20:43:15,51.59,-3.0,50.0,100,90,21.92
569,Nantucket,US,2020-02-22 20:40:16,41.28,-70.1,43.0,56,1,19.46
570,Appleton,US,2020-02-22 20:41:58,44.26,-88.42,43.0,47,40,12.75
571,Kogon,UZ,2020-02-22 20:43:16,39.72,64.55,42.8,81,100,6.93
572,Ola,RU,2020-02-22 20:43:16,59.58,151.28,-5.12,95,100,2.95
573,Usevya,TZ,2020-02-22 20:43:16,-7.1,31.23,67.51,94,100,2.35
574,Peleduy,RU,2020-02-22 20:43:16,59.63,112.74,14.13,96,100,1.95
575,Barabash,RU,2020-02-22 20:43:17,43.2,131.48,23.0,49,0,8.95
576,Lunavada,IN,2020-02-22 20:43:17,23.13,73.62,64.33,28,0,8.57
577,Batemans Bay,AU,2020-02-22 20:43:17,-35.72,150.18,64.0,89,56,2.19
578,Sungaipenuh,ID,2020-02-22 20:43:17,-2.08,101.38,64.02,96,99,3.44
579,Sohag,EG,2020-02-22 20:43:17,26.56,31.69,55.4,43,33,8.05
580,Lincoln,US,2020-02-22 20:43:18,40.8,-96.67,57.99,55,1,18.34
581,Cornwall,CA,2020-02-22 20:43:18,45.02,-74.73,37.99,69,75,25.28
582,Anadyr,RU,2020-02-22 20:43:18,64.75,177.48,-16.6,75,0,6.71
583,Libreville,GA,2020-02-22 20:43:18,0.39,9.45,84.2,83,20,6.93
584,Ukiah,US,2020-02-22 20:43:18,39.15,-123.21,72.0,36,1,3.36
585,Baruun-Urt,MN,2020-02-22 20:43:19,46.68,113.28,16.7,76,100,14.41
586,Kurchum,KZ,2020-02-22 20:43:19,48.57,83.65,29.26,96,100,13.04
587,Chara,RU,2020-02-22 20:43:19,56.91,118.26,0.99,85,100,0.78
588,Hamilton,US,2020-02-22 20:43:19,39.18,-84.53,51.01,31,1,6.93
589,Mbandaka,CD,2020-02-22 20:43:19,0.05,18.26,78.01,69,19,3.0
590,Beloha,MG,2020-02-22 20:43:20,-25.17,45.05,77.22,81,3,9.06
591,Nizhniy Odes,RU,2020-02-22 20:43:20,63.64,54.86,31.37,88,100,13.02
592,Xining,CN,2020-02-22 20:39:04,36.62,101.77,26.65,25,0,5.79
593,Rapid Valley,US,2020-02-22 20:43:20,44.06,-103.15,57.0,26,1,10.29
594,Muravlenko,RU,2020-02-22 20:43:20,63.79,74.52,9.07,85,97,22.79
595,Lokosovo,RU,2020-02-22 20:43:20,61.13,74.82,3.81,88,7,6.42
596,Watsa,CD,2020-02-22 20:43:21,3.04,29.54,79.92,49,66,5.77
597,Sorong,ID,2020-02-22 20:43:21,-0.88,131.25,75.16,97,97,5.73
598,Tiznit,MA,2020-02-22 20:43:21,29.58,-9.5,65.12,18,0,18.1
599,Pershotravneve,UA,2020-02-22 20:43:21,51.39,28.87,39.13,70,100,14.83
600,Lamu,KE,2020-02-22 20:43:22,-2.27,40.9,81.79,81,71,17.81
601,Goderich,CA,2020-02-22 20:43:22,43.75,-81.72,42.01,72,0,11.99
602,Muros,ES,2020-02-22 20:43:22,42.78,-9.06,54.0,100,20,5.82
603,Sioux Lookout,CA,2020-02-22 20:43:22,50.1,-91.92,39.2,48,75,6.93
604,Rhyl,GB,2020-02-22 20:43:22,53.32,-3.49,48.0,75,20,9.17
605,Riverton,US,2020-02-22 20:43:23,40.52,-111.94,51.01,52,40,8.05
606,Manzanillo,CU,2020-02-22 20:43:23,20.34,-77.12,82.99,54,40,12.93
607,The Valley,AI,2020-02-22 20:43:23,18.22,-63.06,82.0,69,75,2.24
608,San Rafael,AR,2020-02-22 20:43:23,-34.62,-68.33,76.86,29,0,18.75
609,Evanston,US,2020-02-22 20:39:12,42.04,-87.69,51.01,37,1,12.75
610,Alta Floresta,BR,2020-02-22 20:43:23,-9.88,-56.09,89.6,62,40,5.82
611,Gat,IL,2020-02-22 20:43:24,31.61,34.76,53.6,87,40,1.12
612,Kamenica,DE,2020-02-22 20:43:24,50.83,12.92,52.0,57,100,12.75
613,Wanaka,NZ,2020-02-22 20:39:54,-44.7,169.15,48.99,81,0,1.01
614,Powell River,CA,2020-02-22 20:42:54,49.85,-124.54,46.99,70,20,4.7
615,Lander,US,2020-02-22 20:43:24,42.83,-108.73,39.99,63,1,4.52
616,Akhaldaba,GE,2020-02-22 20:43:25,41.65,42.15,46.4,93,90,8.05
617,Merauke,ID,2020-02-22 20:43:25,-8.47,140.33,76.69,92,100,8.75
618,Popondetta,PG,2020-02-22 20:43:25,-8.75,148.25,74.8,90,85,2.33
