City_ID,City,Country,Date,Lat,Lng,Max Temp,Humidity,Cloudiness,Wind Speed,Current Description,Rain inches (last 3 hours),Snow inches (last 3 hours)
0,Punta Arenas,CL,2020-02-23 21:17:15,-53.15,-70.92,55.4,62,75,32.21,broken clouds,0.0,0.0
1,Hermanus,ZA,2020-02-23 21:19:29,-34.42,19.23,65.71,75,0,26.8,clear sky,0.0,0.0
2,Castro,BR,2020-02-23 21:19:29,-24.79,-50.01,67.93,78,90,2.66,overcast clouds,0.0,0.0
3,Albany,US,2020-02-23 21:16:59,42.6,-73.97,51.8,29,75,5.82,broken clouds,0.0,0.0
4,Okhotsk,RU,2020-02-23 21:19:29,59.38,143.3,-14.96,77,16,7.9,few clouds,0.0,0.0
5,Buraydah,SA,2020-02-23 21:19:29,26.33,43.98,68.0,49,30,9.17,scattered clouds,0.0,0.0
6,Mataura,NZ,2020-02-23 21:18:08,-46.19,168.86,60.01,80,77,8.01,broken clouds,0.0,0.0
7,Airai,TL,2020-02-23 21:17:33,-8.93,125.41,66.69,82,0,4.43,clear sky,0.0,0.0
8,Kapaa,US,2020-02-23 21:19:30,22.08,-159.32,79.0,69,1,8.05,clear sky,0.0,0.0
9,Ushuaia,AR,2020-02-23 21:19:30,-54.8,-68.3,46.4,87,75,21.92,light rain,0.0,0.0
10,Kamyshevatskaya,RU,2020-02-23 21:19:31,46.41,37.96,41.54,84,100,23.06,overcast clouds,0.0,0.0
11,Hilo,US,2020-02-23 21:17:03,19.73,-155.09,78.8,57,75,10.29,broken clouds,0.0,0.0
12,Trincomalee,LK,2020-02-23 21:19:31,8.57,81.23,72.25,97,98,2.95,light rain,0.13,0.0
13,Karratha,AU,2020-02-23 21:19:10,-20.74,116.85,81.48,74,11,16.73,few clouds,0.0,0.0
14,New Norfolk,AU,2020-02-23 21:19:33,-42.78,147.06,57.99,76,75,4.7,broken clouds,0.0,0.0
15,Cidreira,BR,2020-02-23 21:17:09,-30.18,-50.21,71.91,73,1,17.29,clear sky,0.0,0.0
16,Avarua,CK,2020-02-23 21:19:33,-21.21,-159.78,78.8,94,100,4.7,moderate rain,0.0,0.0
17,Cape Town,ZA,2020-02-23 21:17:25,-33.93,18.42,66.99,59,0,18.34,clear sky,0.0,0.0
18,Ajdabiya,LY,2020-02-23 21:19:33,30.76,20.23,58.62,68,86,22.91,light rain,0.25,0.0
19,Lompoc,US,2020-02-23 21:17:40,34.64,-120.46,64.99,63,1,16.11,clear sky,0.0,0.0
20,Hobart,AU,2020-02-23 21:19:34,-42.88,147.33,57.99,76,75,4.7,broken clouds,0.0,0.0
21,Vila Franca Do Campo,PT,2020-02-23 21:19:34,37.72,-25.43,59.0,82,20,3.36,few clouds,0.0,0.0
22,Aquin,HT,2020-02-23 21:19:34,18.28,-73.4,77.43,69,18,7.27,few clouds,0.0,0.0
23,Chuy,UY,2020-02-23 21:17:46,-33.7,-53.46,71.87,61,23,10.29,few clouds,0.0,0.0
24,Nikolskoye,RU,2020-02-23 21:19:35,59.7,30.79,37.4,86,90,6.71,light intensity shower rain,0.0,0.0
25,Cherskiy,RU,2020-02-23 21:17:04,68.75,161.3,-27.56,89,48,6.17,scattered clouds,0.0,0.0
26,Ilinskiy,RU,2020-02-23 21:19:35,55.62,38.12,35.6,80,75,11.18,broken clouds,0.0,0.0
27,Takaka,NZ,2020-02-23 21:16:21,-40.85,172.8,64.0,79,14,1.99,few clouds,0.0,0.0
28,Rikitea,PF,2020-02-23 21:19:36,-23.12,-134.97,79.2,70,0,6.13,clear sky,0.0,0.0
29,San Cristobal,VE,2020-02-23 21:17:22,7.77,-72.22,82.4,58,40,4.7,scattered clouds,0.0,0.0
30,Knokke-Heist,BE,2020-02-23 21:19:36,51.33,3.33,46.99,71,100,13.87,overcast clouds,0.0,0.0
31,Yellowknife,CA,2020-02-23 21:17:13,62.46,-114.35,-2.99,63,20,6.93,few clouds,0.0,0.0
32,Verkhnevilyuysk,RU,2020-02-23 21:19:36,63.45,120.32,-10.55,98,84,4.29,broken clouds,0.0,0.0
33,Moose Factory,CA,2020-02-23 21:19:37,51.26,-80.61,14.0,78,1,12.75,clear sky,0.0,0.0
34,Piacabucu,BR,2020-02-23 21:19:37,-10.41,-36.43,81.18,80,98,9.33,overcast clouds,0.0,0.0
35,Lahad Datu,MY,2020-02-23 21:19:37,5.03,118.33,72.19,93,38,5.84,scattered clouds,0.0,0.0
36,Tasiilaq,GL,2020-02-23 21:19:37,65.61,-37.64,12.2,66,60,13.87,broken clouds,0.0,0.0
37,Bluff,NZ,2020-02-23 21:19:38,-46.6,168.33,60.01,80,66,8.01,broken clouds,0.0,0.0
38,Jobner,IN,2020-02-23 21:19:05,26.97,75.38,66.2,68,40,4.7,haze,0.0,0.0
39,Port Said,EG,2020-02-23 21:18:00,31.26,32.28,59.0,77,40,4.7,scattered clouds,0.0,0.0
40,Severo-Kurilsk,RU,2020-02-23 21:19:38,50.68,156.12,24.21,95,100,35.48,snow,0.0,2.75
41,Aligudarz,IR,2020-02-23 21:19:39,33.4,49.69,38.23,79,41,2.55,scattered clouds,0.0,0.0
42,Mehamn,NO,2020-02-23 21:19:39,71.04,27.85,33.8,92,75,11.41,broken clouds,0.0,0.0
43,Busselton,AU,2020-02-23 21:19:39,-33.65,115.33,68.0,47,72,14.25,broken clouds,0.0,0.0
44,Adiake,CI,2020-02-23 21:19:39,5.29,-3.3,84.2,89,37,6.93,scattered clouds,0.0,0.0
45,Istanbul,TR,2020-02-23 21:19:40,41.04,28.98,44.6,70,47,10.29,scattered clouds,0.0,0.0
46,Jamestown,US,2020-02-23 21:17:31,42.1,-79.24,53.6,26,1,16.11,clear sky,0.0,0.0
47,Bengkulu,ID,2020-02-23 21:19:40,-3.8,102.27,74.08,89,3,4.56,clear sky,0.0,0.0
48,Santa Fe,AR,2020-02-23 21:19:40,-31.63,-60.7,81.0,33,0,4.0,clear sky,0.0,0.0
49,Talnakh,RU,2020-02-23 21:19:41,69.49,88.4,15.8,85,75,29.08,shower snow,0.0,0.0
50,Marovoay,MG,2020-02-23 21:19:41,-16.1,46.63,77.0,94,20,2.24,few clouds,0.0,0.0
51,Rocha,UY,2020-02-23 21:19:41,-34.48,-54.33,78.1,41,0,7.94,clear sky,0.0,0.0
52,Sola,VU,2020-02-23 21:19:41,-13.88,167.55,83.14,77,20,14.7,few clouds,0.0,0.0
53,Sao Filipe,CV,2020-02-23 21:19:42,14.9,-24.5,68.41,83,23,16.4,few clouds,0.0,0.0
54,Port Alfred,ZA,2020-02-23 21:19:42,-33.59,26.89,60.01,83,50,2.01,scattered clouds,0.0,0.0
55,Concepcion,CL,2020-02-23 21:19:00,-36.83,-73.05,60.8,77,90,11.41,overcast clouds,0.0,0.0
56,Hasaki,JP,2020-02-23 21:19:33,35.73,140.83,32.0,33,20,1.12,few clouds,0.0,0.0
57,Niksic,ME,2020-02-23 21:19:43,42.77,18.94,48.2,93,90,2.24,overcast clouds,0.0,0.0
58,Along,IN,2020-02-23 21:19:43,28.17,94.77,52.66,90,5,4.68,light rain,0.38,0.0
59,Port Hardy,CA,2020-02-23 21:19:43,50.7,-127.42,41.0,93,90,2.24,light rain,0.0,0.0
60,Springdale,US,2020-02-23 21:15:15,36.19,-94.13,50.0,100,90,8.05,light rain,0.0,0.0
61,Guerrero Negro,MX,2020-02-23 21:19:43,27.98,-114.06,64.15,59,100,18.7,overcast clouds,0.0,0.0
62,Chokurdakh,RU,2020-02-23 21:19:44,70.63,147.92,-20.96,97,77,2.82,broken clouds,0.0,0.0
63,Lata,PT,2020-02-23 21:19:44,40.16,-8.33,62.01,76,0,1.12,clear sky,0.0,0.0
64,Khipro,PK,2020-02-23 21:19:44,25.83,69.38,71.01,34,0,6.82,clear sky,0.0,0.0
65,Baykit,RU,2020-02-23 21:19:08,61.67,96.37,8.71,95,73,2.55,broken clouds,0.0,0.0
66,Kavieng,PG,2020-02-23 21:17:45,-2.57,150.8,84.29,69,2,8.01,clear sky,0.0,0.0
67,Atuona,PF,2020-02-23 21:19:45,-9.8,-139.03,81.61,76,8,13.73,clear sky,0.0,0.0
68,Torbay,CA,2020-02-23 21:19:45,47.67,-52.73,34.0,81,20,13.87,few clouds,0.0,0.0
69,Kinshasa,CD,2020-02-23 21:15:22,-4.32,15.32,80.6,83,100,1.12,moderate rain,4.44,0.0
70,Tuktoyaktuk,CA,2020-02-23 21:17:11,69.45,-133.04,-5.8,70,75,13.87,light snow,0.0,0.0
71,Clyde River,CA,2020-02-23 21:19:46,70.47,-68.59,-20.2,75,75,12.75,broken clouds,0.0,0.0
72,Coihaique,CL,2020-02-23 21:19:46,-45.58,-72.07,66.2,39,75,10.29,broken clouds,0.0,0.0
73,Atar,MR,2020-02-23 21:19:46,20.52,-13.05,84.87,16,100,7.43,overcast clouds,0.0,0.0
74,Cayeli,TR,2020-02-23 21:19:47,41.09,40.73,41.7,90,60,3.38,broken clouds,0.0,0.0
75,Kurchum,KZ,2020-02-23 21:19:47,48.57,83.65,11.14,91,92,2.8,overcast clouds,0.0,0.0
76,Ilulissat,GL,2020-02-23 21:17:58,69.22,-51.1,-2.2,58,0,6.93,clear sky,0.0,0.0
77,Buala,SB,2020-02-23 21:19:48,-8.14,159.59,81.45,81,10,3.96,light rain,1.44,0.0
78,Nishihara,JP,2020-02-23 21:19:48,26.18,127.76,60.8,77,20,2.24,few clouds,0.0,0.0
79,Goderich,CA,2020-02-23 21:19:48,43.75,-81.72,42.01,70,17,15.99,few clouds,0.0,0.0
80,Eyl,SO,2020-02-23 21:19:48,7.98,49.82,79.14,73,100,20.4,overcast clouds,0.0,0.0
81,Onguday,RU,2020-02-23 21:19:48,50.75,86.15,4.28,98,100,2.37,light snow,0.0,0.31
82,Bredasdorp,ZA,2020-02-23 21:19:48,-34.53,20.04,66.2,55,0,10.29,clear sky,0.0,0.0
83,Usinsk,RU,2020-02-23 21:19:49,65.99,57.53,28.51,87,100,28.39,light snow,0.0,0.13
84,Port Blair,IN,2020-02-23 21:19:49,11.67,92.75,80.69,75,100,11.63,overcast clouds,0.0,0.0
85,Kargasok,RU,2020-02-23 21:19:49,59.06,80.86,3.0,90,0,6.64,clear sky,0.0,0.0
86,Dikson,RU,2020-02-23 21:19:49,73.51,80.55,28.47,92,100,27.6,light snow,0.0,0.25
87,Balad,IQ,2020-02-23 21:19:50,34.02,44.15,60.51,56,100,5.28,overcast clouds,0.0,0.0
88,Lins,BR,2020-02-23 21:19:50,-21.68,-49.74,77.92,87,59,7.0,light rain,2.56,0.0
89,Nome,US,2020-02-23 21:19:50,64.5,-165.41,3.2,84,90,10.29,light snow,0.0,0.0
90,Puerto Ayora,EC,2020-02-23 21:18:10,-0.74,-90.35,84.2,74,20,10.29,few clouds,0.0,0.0
91,Beidao,CN,2020-02-23 21:19:51,34.57,105.89,35.98,88,0,1.79,clear sky,0.0,0.0
92,Glendive,US,2020-02-23 21:19:51,47.11,-104.71,41.0,37,40,5.82,scattered clouds,0.0,0.0
93,Butaritari,KI,2020-02-23 21:19:52,3.07,172.79,84.88,77,76,12.91,moderate rain,6.0,0.0
94,Kismayo,SO,2020-02-23 21:19:52,-0.36,42.55,81.88,85,19,18.77,few clouds,0.0,0.0
95,Marystown,CA,2020-02-23 21:19:52,47.17,-55.15,31.06,85,0,14.23,clear sky,0.0,0.0
96,Lincoln,US,2020-02-23 21:19:52,40.8,-96.67,60.8,30,1,6.93,clear sky,0.0,0.0
97,Bethel,US,2020-02-23 21:18:50,41.37,-73.41,54.0,20,1,10.29,clear sky,0.0,0.0
98,Vaini,TO,2020-02-23 21:19:53,-21.2,-175.2,80.6,88,40,9.17,scattered clouds,0.0,0.0
99,Katsuura,JP,2020-02-23 21:19:53,35.13,140.3,42.8,45,20,10.29,few clouds,0.0,0.0
100,Kulu,TR,2020-02-23 21:19:53,39.1,33.08,38.5,81,53,4.16,broken clouds,0.0,0.0
101,Upernavik,GL,2020-02-23 21:18:03,72.79,-56.15,-17.82,81,0,7.31,clear sky,0.0,0.0
102,Porbandar,IN,2020-02-23 21:19:54,21.64,69.61,76.78,54,0,13.89,clear sky,0.0,0.0
103,Ancud,CL,2020-02-23 21:19:54,-41.87,-73.82,59.0,58,69,14.99,light rain,0.38,0.0
104,Lillooet,CA,2020-02-23 21:19:54,50.69,-121.94,39.2,80,1,21.92,clear sky,0.0,0.0
105,Teahupoo,PF,2020-02-23 21:19:54,-17.83,-149.27,87.8,58,20,16.11,few clouds,0.0,0.0
106,Vila Velha,BR,2020-02-23 21:19:55,-20.33,-40.29,77.0,69,90,13.87,overcast clouds,0.0,0.0
107,Ixtapa,MX,2020-02-23 21:19:55,20.7,-105.2,81.0,69,75,17.22,broken clouds,0.0,0.0
108,Hithadhoo,MV,2020-02-23 21:19:29,-0.6,73.08,83.41,76,92,13.69,overcast clouds,0.0,0.0
109,Constantine,DZ,2020-02-23 21:19:55,36.37,6.61,42.8,81,0,2.24,clear sky,0.0,0.0
110,Celestun,MX,2020-02-23 21:19:55,20.87,-90.4,72.54,74,0,16.73,clear sky,0.0,0.0
111,Bow Island,CA,2020-02-23 21:19:56,49.87,-111.37,37.4,59,90,8.05,overcast clouds,0.0,0.0
112,Qaanaaq,GL,2020-02-23 21:17:58,77.48,-69.36,-19.41,68,0,7.14,clear sky,0.0,0.0
113,Alenquer,BR,2020-02-23 21:19:56,-1.94,-54.74,80.6,88,40,3.36,scattered clouds,0.0,0.0
114,Carnarvon,AU,2020-02-23 21:19:20,-24.87,113.63,71.6,83,0,5.82,clear sky,0.0,0.0
115,Eyrarbakki,IS,2020-02-23 21:19:57,63.86,-21.15,32.0,75,75,8.05,light shower snow,0.0,0.0
116,Pevek,RU,2020-02-23 21:19:57,69.7,170.31,-13.94,99,100,5.64,overcast clouds,0.0,0.0
117,Cabo San Lucas,MX,2020-02-23 21:15:08,22.89,-109.91,82.4,44,40,10.29,scattered clouds,0.0,0.0
118,Maputo,MZ,2020-02-23 21:19:57,-25.97,32.59,73.4,64,75,16.11,broken clouds,0.0,0.0
119,Iqaluit,CA,2020-02-23 21:19:58,63.75,-68.51,-25.01,67,20,10.29,few clouds,0.0,0.0
120,Kruisfontein,ZA,2020-02-23 21:19:58,-34.0,24.73,56.48,78,0,4.38,clear sky,0.0,0.0
121,Juneau,US,2020-02-23 21:15:18,58.3,-134.42,35.01,86,90,2.82,light rain,0.0,0.0
122,Auki,SB,2020-02-23 21:19:58,-8.77,160.7,83.01,76,0,7.14,light rain,1.25,0.0
123,Cayenne,GF,2020-02-23 21:19:59,4.93,-52.33,82.4,74,90,12.75,overcast clouds,0.0,0.0
124,Saint-Philippe,RE,2020-02-23 21:16:27,-21.36,55.77,75.2,78,0,5.82,clear sky,0.0,0.0
125,Yar-Sale,RU,2020-02-23 21:19:59,66.83,70.83,29.5,84,100,27.89,overcast clouds,0.0,0.0
126,Saskylakh,RU,2020-02-23 21:19:59,71.92,114.08,5.74,91,100,8.63,overcast clouds,0.0,0.0
127,Saint George,US,2020-02-23 21:15:29,37.1,-113.58,57.0,50,1,8.05,clear sky,0.0,0.0
128,Bassano,CA,2020-02-23 21:20:00,50.78,-112.47,28.08,97,98,13.96,light snow,0.0,0.94
129,Lebu,CL,2020-02-23 21:17:39,-37.62,-73.65,63.63,63,0,9.86,clear sky,0.0,0.0
130,Nova Vicosa,BR,2020-02-23 21:20:00,-17.89,-39.37,78.3,86,100,14.36,light rain,0.75,0.0
131,Tuatapere,NZ,2020-02-23 21:20:01,-46.13,167.68,60.01,80,72,8.01,broken clouds,0.0,0.0
132,Sisimiut,GL,2020-02-23 21:20:01,66.94,-53.67,-2.88,73,100,3.67,overcast clouds,0.0,0.0
133,Manadhoo,MV,2020-02-23 21:20:02,5.77,73.38,83.12,76,26,16.26,scattered clouds,0.0,0.0
134,Barrow,US,2020-02-23 21:17:32,71.29,-156.79,-27.4,74,1,10.29,clear sky,0.0,0.0
135,Tulle,FR,2020-02-23 21:20:02,45.33,1.83,46.99,80,0,3.36,clear sky,0.0,0.0
136,Necochea,AR,2020-02-23 21:19:55,-38.55,-58.74,80.01,20,0,10.0,clear sky,0.0,0.0
137,Isangel,VU,2020-02-23 21:19:29,-19.55,169.27,73.4,94,20,14.54,few clouds,0.0,0.0
138,San Policarpo,PH,2020-02-23 21:20:03,12.18,125.51,78.6,86,6,15.23,light rain,0.69,0.0
139,Naryan-Mar,RU,2020-02-23 21:16:15,67.67,53.09,30.27,80,89,28.23,overcast clouds,0.0,0.0
140,Staryy Nadym,RU,2020-02-23 21:20:04,65.61,72.68,26.28,86,100,24.56,overcast clouds,0.0,0.0
141,Sakaraha,MG,2020-02-23 21:20:04,-22.9,44.53,72.41,93,21,1.19,few clouds,0.0,0.0
142,Thurso,GB,2020-02-23 21:17:06,58.59,-3.53,37.4,74,0,9.17,clear sky,0.0,0.0
143,Mount Isa,AU,2020-02-23 21:20:04,-20.73,139.5,78.8,78,40,8.05,scattered clouds,0.0,0.0
144,Yala,TH,2020-02-23 21:20:04,6.33,101.25,70.65,98,47,3.62,scattered clouds,0.0,0.0
145,San Matias,BO,2020-02-23 21:20:05,-16.37,-58.4,75.42,78,82,4.74,broken clouds,0.0,0.0
146,Georgetown,MY,2020-02-23 21:18:00,5.41,100.34,78.8,69,20,6.93,few clouds,0.0,0.0
147,Ambovombe,MG,2020-02-23 21:20:05,-25.17,46.08,74.8,88,100,2.51,light rain,0.94,0.0
148,Lakes Entrance,AU,2020-02-23 21:20:05,-37.88,147.98,68.0,89,97,3.89,overcast clouds,0.0,0.0
149,Tura,IN,2020-02-23 21:19:46,25.52,90.22,66.15,51,33,2.24,scattered clouds,0.0,0.0
150,Rovaniemi,FI,2020-02-23 21:20:06,66.5,25.72,19.4,100,95,8.05,overcast clouds,0.0,0.0
151,Puri,IN,2020-02-23 21:20:06,19.8,85.85,68.0,94,0,4.5,mist,0.0,0.0
152,Srednekolymsk,RU,2020-02-23 21:20:06,67.45,153.68,-24.97,98,78,1.59,broken clouds,0.0,0.0
153,Sitka,US,2020-02-23 21:15:11,57.05,-135.33,33.8,93,90,10.29,light rain,0.0,0.0
154,Kampot,KH,2020-02-23 21:20:07,10.62,104.18,80.6,65,28,13.87,scattered clouds,0.0,0.0
155,Soller,ES,2020-02-23 21:20:07,39.77,2.72,55.0,93,0,4.7,clear sky,0.0,0.0
156,Norman Wells,CA,2020-02-23 21:20:07,65.28,-126.83,5.0,71,75,10.29,broken clouds,0.0,0.0
157,Ati,TD,2020-02-23 21:20:07,13.22,18.34,76.5,13,0,16.55,clear sky,0.0,0.0
158,Mount Gambier,AU,2020-02-23 21:20:07,-37.83,140.77,57.2,93,100,6.93,overcast clouds,0.0,0.0
159,Tamworth,GB,2020-02-23 21:17:33,52.63,-1.7,43.0,71,95,3.36,overcast clouds,0.0,0.0
160,Faanui,PF,2020-02-23 21:19:55,-16.48,-151.75,82.76,72,55,11.88,broken clouds,0.0,0.0
161,Soyo,AO,2020-02-23 21:18:56,-6.13,12.37,80.15,85,93,2.15,overcast clouds,0.0,0.0
162,Speightstown,BB,2020-02-23 21:20:08,13.25,-59.65,82.4,74,40,13.87,scattered clouds,0.0,0.0
163,Ostrovnoy,RU,2020-02-23 21:20:08,68.05,39.51,29.05,95,100,15.93,light snow,0.0,0.44
164,Alta,NO,2020-02-23 21:20:09,69.97,23.27,23.0,85,75,5.82,light snow,0.0,0.0
165,Ambilobe,MG,2020-02-23 21:18:14,-13.2,49.05,76.59,91,97,1.36,light rain,0.19,0.0
166,Sept-Iles,CA,2020-02-23 21:17:03,50.2,-66.38,30.2,86,75,4.7,broken clouds,0.0,0.0
167,Esik,KZ,2020-02-23 21:20:09,43.36,77.45,33.8,91,90,1.41,mist,0.0,0.0
168,Adrar,MR,2020-02-23 21:20:09,20.5,-10.07,85.57,9,100,9.98,overcast clouds,0.0,0.0
169,Kumbo,CM,2020-02-23 21:20:09,6.2,10.67,70.5,25,89,7.05,overcast clouds,0.0,0.0
170,Bathsheba,BB,2020-02-23 21:20:10,13.22,-59.52,82.4,74,40,13.87,scattered clouds,0.0,0.0
171,Lixourion,GR,2020-02-23 21:20:10,38.2,20.43,55.94,59,100,9.01,overcast clouds,0.0,0.0
172,Lavrentiya,RU,2020-02-23 21:20:10,65.58,-171.0,-7.56,75,0,5.14,clear sky,0.0,0.0
173,Saint-Augustin,CA,2020-02-23 21:20:10,51.23,-58.65,20.84,78,97,10.02,overcast clouds,0.0,0.0
174,Luau,AO,2020-02-23 21:20:11,-10.71,22.22,67.32,97,100,8.43,overcast clouds,0.0,0.0
175,Minsk,BY,2020-02-23 21:20:11,53.9,27.57,33.8,86,4,8.95,clear sky,0.0,0.0
176,Shelburne,CA,2020-02-23 21:20:12,44.08,-80.2,45.0,45,1,16.11,clear sky,0.0,0.0
177,Ponta Do Sol,PT,2020-02-23 21:17:05,32.67,-17.1,70.0,45,20,19.46,few clouds,0.0,0.0
178,Mackay,AU,2020-02-23 21:20:12,-21.15,149.2,79.0,94,75,10.29,broken clouds,0.0,0.0
179,Saint-Georges,GD,2020-02-23 21:19:06,12.06,-61.75,78.8,88,75,11.41,light intensity shower rain,0.0,0.0
180,Wajid,SO,2020-02-23 21:20:13,3.81,43.25,76.98,27,0,11.32,clear sky,0.0,0.0
181,Salinopolis,BR,2020-02-23 21:20:13,-0.61,-47.36,81.88,83,16,12.8,few clouds,0.0,0.0
182,Golden,US,2020-02-23 21:20:13,39.76,-105.22,43.0,63,90,8.05,overcast clouds,0.0,0.0
183,Dingle,PH,2020-02-23 21:19:54,11.0,122.67,72.07,92,58,11.05,light rain,0.31,0.0
184,Manaus,BR,2020-02-23 21:20:14,-3.1,-60.02,87.8,70,40,8.05,shower rain,0.0,0.0
185,Camacha,PT,2020-02-23 21:19:55,33.08,-16.33,68.0,82,20,14.99,few clouds,0.0,0.0
186,Basco,PH,2020-02-23 21:20:14,20.45,121.97,74.84,75,66,21.39,light rain,0.25,0.0
187,San Quintin,MX,2020-02-23 21:17:18,30.48,-115.95,60.78,70,0,20.98,clear sky,0.0,0.0
188,Saint-Francois,FR,2020-02-23 21:20:14,46.42,3.91,48.2,81,90,4.7,overcast clouds,0.0,0.0
189,Arraial Do Cabo,BR,2020-02-23 21:17:05,-22.97,-42.03,77.0,65,75,4.7,broken clouds,0.0,0.0
190,Lagoa Vermelha,BR,2020-02-23 21:20:15,-28.21,-51.53,72.48,64,7,4.38,clear sky,0.0,0.0
191,Hami,CN,2020-02-23 21:19:56,42.8,93.45,28.92,59,65,0.63,broken clouds,0.0,0.0
192,Bonfim,BR,2020-02-23 21:20:15,3.08,-59.95,96.6,34,100,10.54,overcast clouds,0.0,0.0
193,Esperance,AU,2020-02-23 21:20:16,-33.87,121.9,64.4,88,90,11.41,overcast clouds,0.0,0.0
194,Niquelandia,BR,2020-02-23 21:20:16,-14.47,-48.46,77.5,89,99,3.02,light rain,2.0,0.0
195,Luderitz,NA,2020-02-23 21:20:16,-26.65,15.16,71.46,57,0,24.92,clear sky,0.0,0.0
196,Tiksi,RU,2020-02-23 21:20:16,71.69,128.87,-8.19,87,100,7.85,overcast clouds,0.0,0.0
197,Dungarvan,IE,2020-02-23 21:20:17,52.09,-7.63,44.01,100,75,16.11,light intensity drizzle rain,0.0,0.0
198,Banjar,ID,2020-02-23 21:20:17,-8.19,114.97,82.62,71,70,1.05,broken clouds,0.0,0.0
199,Vanavara,RU,2020-02-23 21:20:17,60.34,102.28,12.72,95,100,7.0,overcast clouds,0.0,0.0
200,Sargatskoye,RU,2020-02-23 21:20:17,55.61,73.5,3.63,99,99,1.41,overcast clouds,0.0,0.0
201,Cerrito,CO,2020-02-23 21:20:17,6.84,-72.69,77.0,88,20,8.05,few clouds,0.0,0.0
202,Prince Rupert,CA,2020-02-23 21:16:12,54.32,-130.32,39.2,73,90,5.82,overcast clouds,0.0,0.0
203,Mar Del Plata,AR,2020-02-23 21:15:55,-38.0,-57.56,77.0,50,40,12.75,scattered clouds,0.0,0.0
204,Mersing,MY,2020-02-23 21:20:18,2.43,103.84,80.6,94,45,13.87,light rain,0.31,0.0
205,Shimoda,JP,2020-02-23 21:20:18,34.67,138.95,37.0,75,0,13.89,clear sky,0.0,0.0
206,Kahului,US,2020-02-23 21:20:19,20.89,-156.47,80.6,54,20,6.93,few clouds,0.0,0.0
207,Korla,CN,2020-02-23 21:18:13,41.76,86.15,29.5,41,100,6.44,overcast clouds,0.0,0.0
208,Chkalovskoye,RU,2020-02-23 21:20:19,44.84,133.04,25.2,88,100,9.66,light snow,0.0,0.81
209,Svay Rieng,KH,2020-02-23 21:20:19,11.09,105.8,71.53,74,48,3.13,scattered clouds,0.0,0.0
210,Mokhsogollokh,RU,2020-02-23 21:20:19,61.47,128.92,-4.67,98,97,3.02,overcast clouds,0.0,0.0
211,Antigonish,CA,2020-02-23 21:20:19,45.62,-62.0,42.8,41,1,4.7,clear sky,0.0,0.0
212,Flinders,AU,2020-02-23 21:20:20,-34.58,150.86,72.0,77,0,8.05,clear sky,0.0,0.0
213,Normandin,CA,2020-02-23 21:20:20,48.83,-72.53,36.0,59,75,5.82,broken clouds,0.0,0.0
214,Tall Kayf,TR,2020-02-23 21:20:21,37.08,41.07,48.2,81,75,9.17,broken clouds,0.0,0.0
215,Miquelon,PM,2020-02-23 21:20:21,47.1,-56.38,32.0,83,0,17.22,clear sky,0.0,0.0
216,Khandyga,RU,2020-02-23 21:20:21,62.67,135.6,-5.62,98,100,2.59,light snow,0.0,0.19
217,Businga,CD,2020-02-23 21:20:21,3.33,20.88,81.63,29,69,2.55,broken clouds,0.0,0.0
218,Santa Isabel Do Rio Negro,BR,2020-02-23 21:20:22,-0.41,-65.02,92.55,51,98,3.98,overcast clouds,0.0,0.0
219,Guiren,CN,2020-02-23 21:20:22,33.67,118.19,51.73,78,82,7.99,broken clouds,0.0,0.0
220,Vallenar,CL,2020-02-23 21:20:22,-28.57,-70.76,71.28,51,0,10.94,clear sky,0.0,0.0
221,Payson,US,2020-02-23 21:19:21,40.04,-111.73,51.01,36,1,6.24,clear sky,0.0,0.0
222,Mahebourg,MU,2020-02-23 21:20:22,-20.41,57.7,77.0,88,40,4.7,scattered clouds,0.0,0.0
223,Laguna,US,2020-02-23 21:20:23,38.42,-121.42,66.2,62,1,5.82,clear sky,0.0,0.0
224,Kondinskoye,RU,2020-02-23 21:20:23,59.65,67.41,26.73,93,96,10.94,overcast clouds,0.0,0.0
225,Teutonia,BR,2020-02-23 21:20:23,-29.45,-51.81,71.01,66,0,10.0,clear sky,0.0,0.0
226,Muros,ES,2020-02-23 21:19:39,42.78,-9.06,61.0,93,0,2.24,clear sky,0.0,0.0
227,Zapolyarnyy,RU,2020-02-23 21:20:23,69.42,30.81,23.0,92,75,6.93,broken clouds,0.0,0.0
228,Narasannapeta,IN,2020-02-23 21:20:24,18.42,84.05,68.23,76,0,2.73,clear sky,0.0,0.0
229,Zhanakorgan,KZ,2020-02-23 21:20:24,43.91,67.25,33.17,67,99,2.75,overcast clouds,0.0,0.0
230,Marrakesh,MA,2020-02-23 21:18:56,31.63,-8.01,68.0,22,0,5.82,clear sky,0.0,0.0
231,Areosa,PT,2020-02-23 21:19:02,41.72,-8.86,61.0,100,0,3.36,mist,0.0,0.0
232,Collierville,US,2020-02-23 21:18:10,35.04,-89.66,53.01,87,90,6.93,light rain,0.0,0.0
233,Mareeba,AU,2020-02-23 21:19:26,-17.0,145.43,79.0,100,90,2.24,light rain,0.0,0.0
234,Trairi,BR,2020-02-23 21:20:25,-3.28,-39.27,76.59,89,99,2.53,overcast clouds,0.0,0.0
235,Rahimatpur,IN,2020-02-23 21:20:26,17.6,74.2,69.46,48,0,1.34,clear sky,0.0,0.0
236,Port-Gentil,GA,2020-02-23 21:20:26,-0.72,8.78,82.4,88,20,5.82,few clouds,0.0,0.0
237,Meulaboh,ID,2020-02-23 21:20:26,4.14,96.13,81.03,81,5,7.7,clear sky,0.0,0.0
238,Namangan,UZ,2020-02-23 21:20:26,41.0,71.67,50.0,76,90,11.41,light intensity shower rain,0.0,0.0
239,Bichura,RU,2020-02-23 21:20:26,50.59,107.6,6.04,87,100,0.83,overcast clouds,0.0,0.0
240,Petropavlovsk-Kamchatskiy,RU,2020-02-23 21:20:26,53.05,158.65,21.2,57,40,11.18,scattered clouds,0.0,0.0
241,Sambava,MG,2020-02-23 21:20:27,-14.27,50.17,73.98,98,100,1.54,light rain,2.88,0.0
242,Sao Raimundo Nonato,BR,2020-02-23 21:18:29,-9.02,-42.7,79.45,82,10,1.12,light rain,0.75,0.0
243,Peniche,PT,2020-02-23 21:20:27,39.36,-9.38,64.99,76,0,1.12,clear sky,0.0,0.0
244,Nabire,ID,2020-02-23 21:20:27,-3.37,135.48,72.88,99,97,0.89,heavy intensity rain,12.13,0.0
245,Xining,CN,2020-02-23 21:20:28,36.62,101.77,27.03,48,0,1.79,clear sky,0.0,0.0
246,Davila,PH,2020-02-23 21:20:28,18.47,120.58,75.2,73,20,2.24,few clouds,0.0,0.0
247,Babeni,RO,2020-02-23 21:20:28,44.97,24.23,43.61,76,100,6.89,overcast clouds,0.0,0.0
248,Dawei,MM,2020-02-23 21:20:28,14.08,98.2,78.46,59,100,7.81,overcast clouds,0.0,0.0
249,Eidsvag,NO,2020-02-23 21:20:28,62.78,8.07,35.6,80,20,19.46,few clouds,0.0,0.0
250,Saldanha,ZA,2020-02-23 21:20:29,-33.01,17.94,71.6,46,0,4.7,clear sky,0.0,0.0
251,Khatanga,RU,2020-02-23 21:20:29,71.97,102.5,14.29,91,96,15.57,light snow,0.0,0.25
252,Lanigan,CA,2020-02-23 21:20:29,51.85,-105.03,22.78,88,0,10.0,clear sky,0.0,0.0
253,Takestan,IR,2020-02-23 21:20:29,36.07,49.7,42.8,81,24,4.7,few clouds,0.0,0.0
254,Hovd,MN,2020-02-23 21:20:30,48.01,91.64,15.84,71,100,0.92,overcast clouds,0.0,0.0
255,Ray,IN,2020-02-23 21:20:30,23.68,85.05,64.31,67,98,9.95,light rain,0.94,0.0
256,Pangnirtung,CA,2020-02-23 21:20:04,66.15,-65.71,-29.2,60,75,1.79,broken clouds,0.0,0.0
257,Namibe,AO,2020-02-23 21:20:31,-15.2,12.15,74.35,78,100,7.16,overcast clouds,0.0,0.0
258,Nantucket,US,2020-02-23 21:20:31,41.28,-70.1,46.4,70,1,12.75,clear sky,0.0,0.0
259,Narsaq,GL,2020-02-23 21:19:39,60.92,-46.05,24.8,53,100,12.75,light snow,0.0,1.44
260,Eureka,US,2020-02-23 21:16:51,40.8,-124.16,55.4,71,90,5.82,overcast clouds,0.0,0.0
261,Alofi,NU,2020-02-23 21:20:10,-19.06,-169.92,82.4,88,100,9.17,light rain,2.75,0.0
262,Strezhevoy,RU,2020-02-23 21:20:32,60.73,77.59,17.6,67,77,8.95,broken clouds,0.0,0.0
263,Jacareacanga,BR,2020-02-23 21:20:32,-6.22,-57.75,80.55,79,100,3.24,overcast clouds,0.0,0.0
264,Geraldton,AU,2020-02-23 21:20:32,-28.77,114.6,71.6,94,0,5.82,clear sky,0.0,0.0
265,San Patricio,MX,2020-02-23 21:20:33,19.22,-104.7,84.2,74,5,13.87,clear sky,0.0,0.0
266,Dicabisagan,PH,2020-02-23 21:20:33,17.08,122.42,74.37,86,100,8.75,moderate rain,3.06,0.0
267,Paeroa,NZ,2020-02-23 21:20:33,-37.37,175.67,68.0,56,0,8.01,clear sky,0.0,0.0
268,Broome,US,2020-02-23 21:20:34,42.25,-75.83,48.99,26,1,10.29,clear sky,0.0,0.0
269,Leningradskiy,RU,2020-02-23 21:20:34,69.38,178.42,-14.89,72,100,5.88,overcast clouds,0.0,0.0
270,Dunedin,NZ,2020-02-23 21:18:00,-45.87,170.5,56.26,78,46,3.38,scattered clouds,0.0,0.0
271,Tucuman,AR,2020-02-23 21:15:58,-26.82,-65.22,77.0,57,75,10.29,broken clouds,0.0,0.0
272,Mouila,GA,2020-02-23 21:20:35,-1.87,11.06,75.24,95,100,1.28,moderate rain,3.88,0.0
273,Natchitoches,US,2020-02-23 21:20:35,31.77,-93.13,61.0,77,90,3.36,light rain,0.0,0.0
274,Koungou,YT,2020-02-23 21:20:35,-12.73,45.2,78.8,88,100,5.82,light rain,3.0,0.0
275,Ahipara,NZ,2020-02-23 21:20:35,-35.17,173.17,67.82,70,0,17.25,clear sky,0.0,0.0
276,Barcelos,PT,2020-02-23 21:20:35,41.54,-8.62,57.99,100,0,3.36,mist,0.0,0.0
277,Winnemucca,US,2020-02-23 21:20:36,40.97,-117.74,57.2,20,1,12.75,clear sky,0.0,0.0
278,Ribeira Grande,PT,2020-02-23 21:18:15,38.52,-28.7,60.8,72,75,6.93,broken clouds,0.0,0.0
279,Mende,FR,2020-02-23 21:20:36,44.67,3.5,39.09,71,0,3.33,clear sky,0.0,0.0
280,Klaksvik,FO,2020-02-23 21:20:36,62.23,-6.59,37.4,55,25,23.04,scattered clouds,0.0,0.0
281,Galveston,US,2020-02-23 21:16:08,29.37,-94.97,71.01,77,90,17.22,overcast clouds,0.0,0.0
282,Griffith,US,2020-02-23 21:20:37,41.53,-87.42,57.2,47,1,12.75,clear sky,0.0,0.0
283,Kaitangata,NZ,2020-02-23 21:17:32,-46.28,169.85,54.68,82,100,10.09,overcast clouds,0.0,0.0
284,Aykhal,RU,2020-02-23 21:20:37,66.0,111.5,5.0,84,100,6.71,overcast clouds,0.0,0.0
285,Yanliang,CN,2020-02-23 21:20:37,34.66,109.23,51.01,74,30,4.47,scattered clouds,0.0,0.0
286,Saint Anthony,US,2020-02-23 21:20:37,45.02,-93.22,45.0,52,1,16.11,clear sky,0.0,0.0
287,East London,ZA,2020-02-23 21:17:25,-33.02,27.91,66.15,60,73,4.21,broken clouds,0.0,0.0
288,Half Moon Bay,US,2020-02-23 21:17:15,37.46,-122.43,64.0,71,75,19.46,broken clouds,0.0,0.0
289,Qandala,SO,2020-02-23 21:20:38,11.47,49.87,74.48,76,20,2.8,few clouds,0.0,0.0
290,Sao Raimundo Das Mangabeiras,BR,2020-02-23 21:20:38,-7.02,-45.48,80.51,77,76,2.57,broken clouds,0.0,0.0
291,Somerville,US,2020-02-23 21:20:39,42.39,-71.1,53.6,23,1,9.17,clear sky,0.0,0.0
292,Inverell,AU,2020-02-23 21:20:39,-29.78,151.12,64.99,95,85,1.01,overcast clouds,0.0,0.0
293,Spearfish,US,2020-02-23 21:20:39,44.49,-103.86,48.0,56,1,9.17,clear sky,0.0,0.0
294,West Plains,US,2020-02-23 21:20:39,36.73,-91.85,48.2,75,90,6.93,overcast clouds,0.0,0.0
295,Amahai,ID,2020-02-23 21:20:39,-3.33,128.92,81.12,71,68,23.0,light rain,1.5,0.0
296,Ponta Delgada,PT,2020-02-23 21:20:40,37.73,-25.67,59.0,82,20,3.36,few clouds,0.0,0.0
297,Alta Floresta,BR,2020-02-23 21:20:40,-9.88,-56.09,82.4,78,40,3.36,scattered clouds,0.0,0.0
298,Isiro,CD,2020-02-23 21:20:40,2.77,27.62,74.93,53,3,2.19,clear sky,0.0,0.0
299,Oktyabrskoye,RU,2020-02-23 21:20:40,43.06,44.74,33.85,79,48,1.61,scattered clouds,0.0,0.0
300,Krasnoselkup,RU,2020-02-23 21:20:41,65.7,82.47,25.3,89,100,21.99,light snow,0.0,0.13
301,Lewisville,US,2020-02-23 21:20:41,33.05,-96.99,57.2,82,90,13.87,light rain,0.0,0.0
302,Gustavo Diaz Ordaz,MX,2020-02-23 21:20:41,26.23,-98.58,82.4,48,40,23.04,scattered clouds,0.0,0.0
303,Fairbanks,US,2020-02-23 21:18:21,64.84,-147.72,1.99,83,1,2.64,clear sky,0.0,0.0
304,Pacific Grove,US,2020-02-23 21:20:42,36.62,-121.92,63.0,71,75,11.41,broken clouds,0.0,0.0
305,Gat,IL,2020-02-23 21:18:01,31.61,34.76,57.2,76,75,4.7,broken clouds,0.0,0.0
306,Fukue,JP,2020-02-23 21:20:43,32.69,128.84,48.2,70,0,4.7,clear sky,0.0,0.0
307,Grindavik,IS,2020-02-23 21:18:24,63.84,-22.43,32.0,64,90,19.46,light shower snow,0.0,0.0
308,Ocampo,MX,2020-02-23 21:20:43,21.65,-101.5,74.52,29,0,13.71,clear sky,0.0,0.0
309,Fauske,NO,2020-02-23 21:20:43,67.26,15.39,35.6,64,75,33.33,broken clouds,0.0,0.0
310,Kodiak,US,2020-02-23 21:20:44,57.79,-152.41,24.8,35,1,18.34,clear sky,0.0,0.0
311,Ca Mau,VN,2020-02-23 21:20:31,9.18,105.15,74.05,72,0,7.74,clear sky,0.0,0.0
312,Lashio,MM,2020-02-23 21:20:44,22.93,97.75,55.69,93,0,2.75,light rain,0.19,0.0
313,Gigmoto,PH,2020-02-23 21:20:44,13.78,124.39,79.77,81,0,15.28,light rain,0.5,0.0
314,Sukhobezvodnoye,RU,2020-02-23 21:20:45,57.05,44.89,30.04,96,100,9.95,light snow,0.0,0.56
315,Ballina,AU,2020-02-23 21:20:45,-28.87,153.57,68.0,94,90,2.59,overcast clouds,0.0,0.0
316,Los Llanos De Aridane,ES,2020-02-23 21:20:45,28.66,-17.92,73.4,56,90,6.93,haze,0.0,0.0
317,Odienne,CI,2020-02-23 21:20:45,9.51,-7.57,82.29,18,48,3.15,scattered clouds,0.0,0.0
318,Roebourne,AU,2020-02-23 21:20:46,-20.78,117.13,80.55,60,3,11.07,clear sky,0.0,0.0
319,Kitakata,JP,2020-02-23 21:20:46,37.65,139.87,30.51,98,94,9.28,light snow,0.0,1.25
320,Mogadishu,SO,2020-02-23 21:20:05,2.04,45.34,80.62,81,41,26.8,scattered clouds,0.0,0.0
321,Aleksandrovskoye,RU,2020-02-23 21:20:46,44.71,43.0,37.4,93,90,4.47,overcast clouds,0.0,0.0
322,Kirakira,SB,2020-02-23 21:20:47,-10.45,161.92,79.66,84,5,5.55,clear sky,0.0,0.0
323,Bambous Virieux,MU,2020-02-23 21:20:47,-20.34,57.76,77.0,88,40,4.7,scattered clouds,0.0,0.0
324,Nuuk,GL,2020-02-23 21:20:47,64.18,-51.72,15.8,85,87,11.41,light shower snow,0.0,0.0
325,Te Anau,NZ,2020-02-23 21:18:27,-45.42,167.72,52.12,72,2,2.98,clear sky,0.0,0.0
326,Perpignan,FR,2020-02-23 21:20:47,42.75,2.75,57.2,47,0,6.93,clear sky,0.0,0.0
327,Tromso,NO,2020-02-23 21:20:34,69.65,18.96,33.8,86,40,3.36,scattered clouds,0.0,0.0
328,Samana,DO,2020-02-23 21:20:48,19.21,-69.34,77.0,88,75,4.7,broken clouds,0.0,0.0
329,Tuy Hoa,VN,2020-02-23 21:19:04,13.08,109.3,73.76,79,4,17.49,light rain,0.19,0.0
330,Arman,RU,2020-02-23 21:20:48,59.7,150.17,-2.31,98,38,4.09,scattered clouds,0.0,0.0
331,Mendi,PG,2020-02-23 21:20:48,-6.18,143.65,54.27,99,100,2.19,moderate rain,7.31,0.0
332,Touros,BR,2020-02-23 21:18:16,-5.2,-35.46,86.0,70,58,18.34,broken clouds,0.0,0.0
333,Pisco,PE,2020-02-23 21:19:06,-13.7,-76.22,78.01,30,40,10.29,scattered clouds,0.0,0.0
334,Chumikan,RU,2020-02-23 21:20:49,54.72,135.31,-1.26,91,0,3.24,clear sky,0.0,0.0
335,Ocos,GT,2020-02-23 21:20:49,14.51,-92.19,93.2,44,40,11.41,scattered clouds,0.0,0.0
336,Campos,BR,2020-02-23 21:20:49,-21.75,-41.3,77.0,69,100,4.7,overcast clouds,0.0,0.0
337,Tsaratanana,MG,2020-02-23 21:20:49,-16.78,47.65,69.67,97,100,1.83,light rain,0.69,0.0
338,Monteiro,BR,2020-02-23 21:20:50,-7.89,-37.12,77.29,69,100,10.36,light rain,1.44,0.0
339,Wamba,NG,2020-02-23 21:20:50,8.93,8.6,80.56,12,14,6.13,few clouds,0.0,0.0
340,Umm Lajj,SA,2020-02-23 21:20:50,25.02,37.27,62.78,47,100,3.83,overcast clouds,0.0,0.0
341,Biak,ID,2020-02-23 21:20:50,-0.91,122.88,81.99,75,59,8.19,broken clouds,0.0,0.0
342,Amga,RU,2020-02-23 21:17:44,60.9,131.96,-12.75,99,90,1.66,overcast clouds,0.0,0.0
343,Husavik,IS,2020-02-23 21:20:51,66.04,-17.34,19.56,83,2,10.6,clear sky,0.0,0.0
344,Codrington,AU,2020-02-23 21:20:51,-38.27,141.97,62.26,89,97,10.07,overcast clouds,0.0,0.0
345,Turukhansk,RU,2020-02-23 21:20:51,65.82,87.98,13.62,94,100,13.04,light snow,0.0,0.63
346,Zhangye,CN,2020-02-23 21:20:51,38.93,100.45,31.23,41,94,2.53,overcast clouds,0.0,0.0
347,Mabaruma,GY,2020-02-23 21:20:52,8.2,-59.78,78.93,93,12,3.96,light rain,2.13,0.0
348,Avera,US,2020-02-23 21:19:24,33.19,-82.53,62.6,23,40,4.7,scattered clouds,0.0,0.0
349,Tommot,RU,2020-02-23 21:20:52,58.96,126.29,6.87,97,100,2.39,light snow,0.0,0.38
350,Nagapattinam,IN,2020-02-23 21:20:53,10.77,79.83,79.03,78,100,13.4,overcast clouds,0.0,0.0
351,Port Elizabeth,ZA,2020-02-23 21:17:05,-33.92,25.57,55.4,82,0,4.65,clear sky,0.0,0.0
352,Melville,US,2020-02-23 21:20:00,40.79,-73.42,55.4,27,1,13.87,clear sky,0.0,0.0
353,Luwingu,ZM,2020-02-23 21:20:53,-10.26,29.93,66.79,89,100,3.47,overcast clouds,0.0,0.0
354,Waddan,LY,2020-02-23 21:20:54,29.16,16.14,52.07,64,0,5.08,clear sky,0.0,0.0
355,Elizabeth City,US,2020-02-23 21:19:34,36.29,-76.25,62.6,38,1,6.93,clear sky,0.0,0.0
356,San Jose,US,2020-02-23 21:18:38,37.34,-121.89,63.0,62,40,5.82,scattered clouds,0.0,0.0
357,Chara,RU,2020-02-23 21:18:38,56.91,118.26,-0.24,66,91,3.22,overcast clouds,0.0,0.0
358,Jalu,LY,2020-02-23 21:20:54,29.03,21.55,56.89,40,87,13.44,overcast clouds,0.0,0.0
359,Kostomuksha,RU,2020-02-23 21:20:55,64.57,30.58,25.68,91,100,11.12,overcast clouds,0.0,0.0
360,Vitoria Da Conquista,BR,2020-02-23 21:20:55,-14.87,-40.84,74.62,80,100,7.45,overcast clouds,0.0,0.0
361,Miraflores,MX,2020-02-23 21:20:55,19.22,-98.81,87.8,19,5,4.7,clear sky,0.0,0.0
362,Habra,IN,2020-02-23 21:20:55,22.83,88.63,69.8,83,2,7.94,haze,0.0,0.0
363,Bouna,CI,2020-02-23 21:20:56,9.27,-3.0,85.19,15,0,3.94,clear sky,0.0,0.0
364,Longyearbyen,SJ,2020-02-23 21:20:56,78.22,15.64,-4.0,76,20,9.17,few clouds,0.0,0.0
365,Cabedelo,BR,2020-02-23 21:20:56,-6.98,-34.83,82.4,78,0,13.87,clear sky,0.0,0.0
366,Bangassou,CF,2020-02-23 21:20:56,4.74,22.82,75.45,24,22,2.68,few clouds,0.0,0.0
367,Yegorlykskaya,RU,2020-02-23 21:20:57,46.57,40.66,41.22,82,100,17.92,overcast clouds,0.0,0.0
368,Constitucion,CL,2020-02-23 21:20:57,-35.33,-72.42,61.25,82,67,6.71,broken clouds,0.0,0.0
369,Weligama,LK,2020-02-23 21:20:57,5.97,80.42,74.17,85,100,7.92,overcast clouds,0.0,0.0
370,Artesia,US,2020-02-23 21:19:53,33.87,-118.08,68.0,55,40,6.93,scattered clouds,0.0,0.0
371,Nanortalik,GL,2020-02-23 21:20:58,60.14,-45.24,27.72,79,100,1.72,light snow,0.0,0.94
372,Puerto Leguizamo,CO,2020-02-23 21:20:58,-0.19,-74.78,77.4,93,100,4.0,light rain,1.63,0.0
373,Mandalgovi,MN,2020-02-23 21:20:58,45.76,106.27,19.58,62,99,10.78,overcast clouds,0.0,0.0
374,Twentynine Palms,US,2020-02-23 21:20:58,34.14,-116.05,75.2,18,1,19.46,clear sky,0.0,0.0
375,Salekhard,RU,2020-02-23 21:20:59,66.53,66.6,27.7,85,100,21.61,overcast clouds,0.0,0.0
376,Calabozo,VE,2020-02-23 21:16:54,8.92,-67.43,100.67,22,10,3.69,clear sky,0.0,0.0
377,Cockburn Town,TC,2020-02-23 21:20:59,21.46,-71.14,77.0,65,75,16.11,broken clouds,0.0,0.0
378,Meadow Lake,US,2020-02-23 21:20:59,34.8,-106.54,51.01,52,75,17.22,shower rain,0.0,0.0
379,Huarmey,PE,2020-02-23 21:20:59,-10.07,-78.15,82.13,49,76,9.17,broken clouds,0.0,0.0
380,Orotukan,RU,2020-02-23 21:20:59,62.27,151.7,-21.17,100,85,2.21,overcast clouds,0.0,0.0
381,Yulara,AU,2020-02-23 21:21:00,-25.24,130.99,71.6,24,0,8.05,clear sky,0.0,0.0
382,Coruripe,BR,2020-02-23 21:21:00,-10.13,-36.18,81.84,78,5,12.86,clear sky,0.0,0.0
383,La Ronge,CA,2020-02-23 21:21:00,55.1,-105.28,33.8,47,40,6.93,scattered clouds,0.0,0.0
384,Riyadh,SA,2020-02-23 21:18:07,24.69,46.72,71.6,53,100,5.82,overcast clouds,0.0,0.0
385,Olafsvik,IS,2020-02-23 21:21:01,64.89,-23.71,30.24,95,100,6.78,snow,0.0,2.31
386,Ivanava,BY,2020-02-23 21:21:01,52.15,25.54,38.21,89,100,3.76,overcast clouds,0.0,0.0
387,Anadyr,RU,2020-02-23 21:21:01,64.75,177.48,-20.0,75,0,2.24,clear sky,0.0,0.0
388,Luanda,AO,2020-02-23 21:21:01,-8.84,13.23,80.6,83,75,6.93,broken clouds,0.0,0.0
389,Bud,US,2020-02-23 21:21:01,39.45,-86.18,55.99,55,1,10.29,clear sky,0.0,0.0
390,Alexandria,EG,2020-02-23 21:20:04,31.22,29.96,51.8,87,40,4.7,scattered clouds,0.0,0.0
391,San Jeronimo,PE,2020-02-23 21:21:02,-11.95,-75.28,55.26,63,98,3.47,moderate rain,4.31,0.0
392,Grottaglie,IT,2020-02-23 21:21:02,40.54,17.43,55.0,61,40,4.7,scattered clouds,0.0,0.0
393,Hofn,IS,2020-02-23 21:21:03,64.25,-15.21,37.6,70,59,20.98,broken clouds,0.0,0.0
394,Victoria,HK,2020-02-23 21:19:46,22.29,114.16,68.0,63,20,27.51,few clouds,0.0,0.0
395,Port-Cartier,CA,2020-02-23 21:21:03,50.03,-66.87,30.2,86,75,4.7,broken clouds,0.0,0.0
396,Padre Bernardo,BR,2020-02-23 21:21:04,-15.35,-48.5,77.41,88,100,4.03,light rain,2.75,0.0
397,Maceio,BR,2020-02-23 21:16:51,-9.67,-35.74,84.2,74,60,14.99,broken clouds,0.0,0.0
398,Asau,RO,2020-02-23 21:21:04,46.43,26.4,50.0,53,75,11.41,broken clouds,0.0,0.0
399,Pangoa,PE,2020-02-23 21:21:04,-12.12,-73.0,70.92,96,100,0.45,light rain,0.19,0.0
400,Santa Luzia,BR,2020-02-23 21:21:04,-19.77,-43.85,73.4,78,75,13.87,broken clouds,0.0,0.0
401,Kholtoson,RU,2020-02-23 21:21:05,50.3,103.31,8.02,93,100,2.13,overcast clouds,0.0,0.0
402,Kiunga,PG,2020-02-23 21:21:05,-6.12,141.29,73.76,99,96,1.92,light rain,2.38,0.0
403,Bandarbeyla,SO,2020-02-23 21:18:57,9.49,50.81,78.08,75,100,16.04,overcast clouds,0.0,0.0
404,Dongsheng,CN,2020-02-23 21:21:05,39.82,109.98,34.45,64,100,6.69,overcast clouds,0.0,0.0
405,Maraa,BR,2020-02-23 21:21:05,-1.83,-65.37,88.93,61,59,4.36,light rain,1.0,0.0
406,Talara,PE,2020-02-23 21:21:06,-4.58,-81.27,62.6,100,40,10.29,scattered clouds,0.0,0.0
407,Hamilton,US,2020-02-23 21:20:30,39.18,-84.53,54.0,27,75,11.41,broken clouds,0.0,0.0
408,Maple Creek,CA,2020-02-23 21:19:13,49.92,-109.48,31.59,83,99,13.13,light snow,0.0,0.19
409,Ternate,ID,2020-02-23 21:21:06,0.8,127.4,72.3,91,88,2.42,overcast clouds,0.0,0.0
410,Kushmurun,KZ,2020-02-23 21:21:07,52.45,64.63,9.07,97,64,6.26,broken clouds,0.0,0.0
411,Kadoma,JP,2020-02-23 21:21:07,34.73,135.58,41.0,86,20,2.24,few clouds,0.0,0.0
412,Zhezkazgan,KZ,2020-02-23 21:21:07,47.8,67.71,6.89,94,0,7.02,clear sky,0.0,0.0
413,Borogontsy,RU,2020-02-23 21:21:07,62.67,131.17,-6.3,99,100,2.13,light snow,0.0,0.19
414,Eydhafushi,MV,2020-02-23 21:21:08,5.1,73.07,83.03,77,33,21.18,scattered clouds,0.0,0.0
415,Kollam,IN,2020-02-23 21:21:08,8.88,76.6,80.6,78,40,12.64,haze,0.0,0.0
416,Abalak,RU,2020-02-23 21:21:08,58.13,68.59,18.48,96,6,6.42,clear sky,0.0,0.0
417,Effium,NG,2020-02-23 21:21:08,6.63,8.06,87.8,43,0,3.36,clear sky,0.0,0.0
418,Itaituba,BR,2020-02-23 21:21:09,-4.28,-55.98,86.0,74,40,8.05,scattered clouds,0.0,0.0
419,Chaohu,CN,2020-02-23 21:21:09,31.6,117.87,55.4,71,100,11.18,overcast clouds,0.0,0.0
420,Rawson,AR,2020-02-23 21:17:53,-43.3,-65.1,61.45,82,0,15.26,clear sky,0.0,0.0
421,Souillac,MU,2020-02-23 21:20:04,-20.52,57.52,77.0,88,40,4.7,scattered clouds,0.0,0.0
422,Vilhena,BR,2020-02-23 21:21:09,-12.74,-60.15,77.0,83,75,12.75,broken clouds,0.0,0.0
423,Axim,GH,2020-02-23 21:20:45,4.87,-2.24,79.92,89,82,5.91,broken clouds,0.0,0.0
424,Kutum,SD,2020-02-23 21:21:10,14.2,24.67,58.84,24,0,6.89,clear sky,0.0,0.0
425,Lafiagi,NG,2020-02-23 21:21:10,8.87,5.42,86.11,13,47,4.63,scattered clouds,0.0,0.0
426,Tokur,RU,2020-02-23 21:21:10,53.13,132.9,-2.97,94,99,2.1,overcast clouds,0.0,0.0
427,Gizo,SB,2020-02-23 21:21:10,-8.1,156.84,78.8,86,16,4.09,few clouds,0.0,0.0
428,Carmona,PH,2020-02-23 21:21:11,14.3,121.02,77.0,78,20,3.36,few clouds,0.0,0.0
429,Mitchell,US,2020-02-23 21:21:11,43.71,-98.03,37.4,69,1,12.75,clear sky,0.0,0.0
430,Paamiut,GL,2020-02-23 21:21:11,61.99,-49.67,16.54,65,100,5.82,overcast clouds,0.0,0.0
431,Karema,TZ,2020-02-23 21:21:11,-6.82,30.44,77.95,79,100,12.21,light rain,2.19,0.0
432,Beringovskiy,RU,2020-02-23 21:19:36,63.05,179.32,-12.48,87,1,3.53,clear sky,0.0,0.0
433,Le Port,RE,2020-02-23 21:19:08,-20.94,55.29,75.2,78,50,5.82,scattered clouds,0.0,0.0
434,Daan,CN,2020-02-23 21:21:12,33.06,106.3,41.0,81,0,5.03,clear sky,0.0,0.0
435,Yumen,CN,2020-02-23 21:21:12,40.28,97.2,27.45,49,32,14.5,scattered clouds,0.0,0.0
436,Znamenskoye,RU,2020-02-23 21:21:12,57.13,73.83,7.02,97,100,2.8,overcast clouds,0.0,0.0
437,Skjervoy,NO,2020-02-23 21:21:12,70.03,20.97,33.8,100,90,8.05,light rain and snow,0.0,0.0
438,Corinto,GR,2020-02-23 21:21:13,37.94,22.96,50.0,80,54,3.29,broken clouds,0.0,0.0
439,Sahuaripa,MX,2020-02-23 21:21:13,29.05,-109.23,66.25,21,100,9.1,overcast clouds,0.0,0.0
440,Huilong,CN,2020-02-23 21:21:13,31.81,121.66,52.0,83,41,3.0,scattered clouds,0.0,0.0
441,Borovskoy,KZ,2020-02-23 21:21:13,53.8,64.15,9.21,96,60,9.19,broken clouds,0.0,0.0
442,Churapcha,RU,2020-02-23 21:21:13,62.0,132.43,-7.62,98,94,3.47,light snow,0.0,0.13
443,Sao Jose Da Coroa Grande,BR,2020-02-23 21:21:14,-8.9,-35.15,82.38,77,3,14.03,clear sky,0.0,0.0
444,Marawi,PH,2020-02-23 21:21:14,8.0,124.29,73.0,88,42,5.99,scattered clouds,0.0,0.0
445,Maniitsoq,GL,2020-02-23 21:17:50,65.42,-52.9,12.11,64,32,10.87,scattered clouds,0.0,0.0
446,Impfondo,CG,2020-02-23 21:21:14,1.64,18.07,80.19,64,91,3.67,overcast clouds,0.0,0.0
447,Ransang,PH,2020-02-23 21:21:14,8.96,117.58,78.75,72,0,6.73,clear sky,0.0,0.0
448,Ozernovskiy,RU,2020-02-23 21:21:15,51.5,156.52,26.65,85,100,23.51,light snow,0.0,1.38
449,Fortuna,US,2020-02-23 21:19:57,40.6,-124.16,59.0,76,75,3.36,broken clouds,0.0,0.0
450,Vieques,PR,2020-02-23 21:21:15,18.43,-65.83,82.99,88,90,8.05,heavy intensity rain,0.0,0.0
451,Paita,PE,2020-02-23 21:21:16,-5.09,-81.11,62.6,100,40,10.29,scattered clouds,0.0,0.0
452,Praia,CV,2020-02-23 21:21:16,14.92,-23.51,69.8,73,20,13.87,few clouds,0.0,0.0
453,Volterra,IT,2020-02-23 21:21:16,43.4,10.86,54.0,87,40,3.36,scattered clouds,0.0,0.0
454,Price,US,2020-02-23 21:19:17,39.6,-110.81,51.8,34,1,5.82,clear sky,0.0,0.0
455,Bilma,NE,2020-02-23 21:21:17,18.69,12.92,66.04,20,64,12.77,broken clouds,0.0,0.0
456,Margate,GB,2020-02-23 21:21:17,51.38,1.39,48.0,60,100,3.36,overcast clouds,0.0,0.0
457,Pangai,TO,2020-02-23 21:21:17,-19.8,-174.35,84.2,83,20,12.75,few clouds,0.0,0.0
458,Vagur,FO,2020-02-23 21:21:17,61.47,-6.81,40.26,57,30,31.23,light snow,0.0,0.13
459,Khani,GE,2020-02-23 21:21:18,41.96,42.96,42.8,93,90,4.7,overcast clouds,0.0,0.0
460,Ust-Nera,RU,2020-02-23 21:21:18,64.57,143.2,-27.11,99,100,1.7,overcast clouds,0.0,0.0
461,Saint-Michel-Des-Saints,CA,2020-02-23 21:21:18,46.68,-73.92,39.99,6,100,1.99,overcast clouds,0.0,0.0
462,Kwinana,AU,2020-02-23 21:21:18,-32.25,115.77,72.0,68,49,16.11,light rain,0.44,0.0
463,Abnub,EG,2020-02-23 21:21:18,27.27,31.15,55.4,54,64,9.17,broken clouds,0.0,0.0
464,Grand Gaube,MU,2020-02-23 21:19:42,-20.01,57.66,77.0,88,40,4.7,scattered clouds,0.0,0.0
465,Coquimbo,CL,2020-02-23 21:19:52,-29.95,-71.34,66.2,68,49,14.99,scattered clouds,0.0,0.0
466,Raga,SS,2020-02-23 21:21:19,8.46,25.68,76.32,13,74,3.42,broken clouds,0.0,0.0
467,Esna,EG,2020-02-23 21:20:51,25.29,32.55,60.8,51,100,8.37,overcast clouds,0.0,0.0
468,Provideniya,RU,2020-02-23 21:21:19,64.38,-173.3,-6.63,70,0,2.08,clear sky,0.0,0.0
469,Caravelas,BR,2020-02-23 21:21:20,-17.71,-39.25,79.25,85,100,14.43,light rain,0.13,0.0
470,Desnogorsk,RU,2020-02-23 21:21:20,54.15,33.28,32.43,83,9,9.75,clear sky,0.0,0.0
471,Thompson,CA,2020-02-23 21:21:20,55.74,-97.86,17.6,67,90,6.93,overcast clouds,0.0,0.0
472,Bogdanovich,RU,2020-02-23 21:21:20,56.78,62.05,16.52,92,0,8.86,clear sky,0.0,0.0
473,Motygino,RU,2020-02-23 21:21:20,58.18,94.76,16.63,97,100,3.02,overcast clouds,0.0,0.0
474,Vao,NC,2020-02-23 21:21:21,-22.67,167.48,78.08,75,50,12.88,scattered clouds,0.0,0.0
475,Havre-Saint-Pierre,CA,2020-02-23 21:21:21,50.23,-63.6,30.2,92,90,6.93,mist,0.0,0.0
476,San Andres,CO,2020-02-23 21:21:02,12.58,-81.7,80.6,78,75,11.41,broken clouds,0.0,0.0
477,Lufilufi,WS,2020-02-23 21:21:21,-13.87,-171.6,78.67,92,100,17.43,moderate rain,8.19,0.0
478,Ugoofaaru,MV,2020-02-23 21:20:15,5.67,73.0,82.94,76,25,20.22,scattered clouds,0.0,0.0
479,Batticaloa,LK,2020-02-23 21:21:22,7.71,81.69,72.66,95,77,2.82,light rain,0.44,0.0
480,Perth,AU,2020-02-23 21:21:22,-31.93,115.83,72.0,68,40,17.22,light intensity shower rain,0.0,0.0
481,Moussoro,TD,2020-02-23 21:21:22,13.64,16.49,75.02,16,0,18.01,clear sky,0.0,0.0
482,Mount Pleasant,US,2020-02-23 21:20:18,32.79,-79.86,64.4,29,1,4.7,clear sky,0.0,0.0
483,Barra Do Corda,BR,2020-02-23 21:21:22,-5.5,-45.25,77.45,90,42,1.86,scattered clouds,0.0,0.0
484,Namatanai,PG,2020-02-23 21:20:08,-3.67,152.43,83.97,75,39,10.16,scattered clouds,0.0,0.0
485,Visby,SE,2020-02-23 21:21:23,57.64,18.3,42.01,86,75,13.87,broken clouds,0.0,0.0
486,Havoysund,NO,2020-02-23 21:21:23,71.0,24.66,33.8,80,75,11.41,broken clouds,0.0,0.0
487,Pyay,MM,2020-02-23 21:21:23,18.82,95.22,66.72,46,0,2.28,clear sky,0.0,0.0
488,Imaichi,JP,2020-02-23 21:21:24,36.72,139.68,34.0,55,0,11.01,clear sky,0.0,0.0
489,Warrington,GB,2020-02-23 21:18:17,53.39,-2.58,43.0,75,20,5.82,few clouds,0.0,0.0
490,Olinda,BR,2020-02-23 21:21:24,-8.01,-34.86,84.2,74,40,9.17,scattered clouds,0.0,0.0
491,Tocopilla,CL,2020-02-23 21:18:31,-22.09,-70.2,69.71,45,0,13.13,clear sky,0.0,0.0
492,Srikakulam,IN,2020-02-23 21:21:25,18.3,83.9,68.23,76,0,2.73,clear sky,0.0,0.0
493,Yeniseysk,RU,2020-02-23 21:21:25,58.45,92.17,12.45,96,100,3.04,light snow,0.0,0.13
494,Dwarka,IN,2020-02-23 21:21:26,22.24,68.97,76.08,58,0,12.44,clear sky,0.0,0.0
495,Tabou,CI,2020-02-23 21:16:45,4.42,-7.35,78.84,91,96,5.3,overcast clouds,0.0,0.0
496,Tabas,IR,2020-02-23 21:21:26,33.6,56.92,55.4,37,0,4.7,clear sky,0.0,0.0
497,Choszczno,PL,2020-02-23 21:21:26,53.17,15.42,37.4,93,75,17.22,broken clouds,0.0,0.0
498,Iquique,CL,2020-02-23 21:20:58,-20.22,-70.14,77.0,61,91,16.11,overcast clouds,0.0,0.0
499,Gladstone,AU,2020-02-23 21:21:27,-23.85,151.25,73.4,88,75,6.93,broken clouds,0.0,0.0
500,Dryden,CA,2020-02-23 21:18:11,49.78,-92.75,37.4,51,90,16.11,overcast clouds,0.0,0.0
501,La Mana,EC,2020-02-23 21:21:27,-0.93,-79.22,64.4,59,75,8.05,broken clouds,0.0,0.0
502,Denpasar,ID,2020-02-23 21:21:27,-8.65,115.22,74.66,86,68,2.84,broken clouds,0.0,0.0
503,Balagansk,RU,2020-02-23 21:21:28,54.01,103.05,0.97,99,67,2.26,broken clouds,0.0,0.0
504,Novyy Urengoy,RU,2020-02-23 21:21:28,66.08,76.63,23.16,90,100,19.04,light snow,0.0,0.13
505,Alto Araguaia,BR,2020-02-23 21:21:28,-17.31,-53.22,75.56,90,100,2.75,moderate rain,3.5,0.0
506,Tazovskiy,RU,2020-02-23 21:21:28,67.47,78.7,26.74,91,100,17.36,light snow,0.0,0.19
507,Nsanje,MW,2020-02-23 21:21:29,-16.92,35.26,75.29,95,100,7.85,light rain,1.69,0.0
508,Saint-Joseph,RE,2020-02-23 21:21:29,-21.37,55.62,75.2,78,0,5.82,clear sky,0.0,0.0
509,Slavyanka,RU,2020-02-23 21:21:29,42.86,131.38,28.56,67,69,6.82,broken clouds,0.0,0.0
510,Hastings,GB,2020-02-23 21:21:30,50.86,0.57,48.0,81,100,5.82,overcast clouds,0.0,0.0
511,Craig,US,2020-02-23 21:21:30,40.52,-107.55,35.6,69,90,6.93,overcast clouds,0.0,0.0
512,Patos,BR,2020-02-23 21:21:30,-7.02,-37.28,84.85,62,67,1.43,broken clouds,0.0,0.0
513,Okha,RU,2020-02-23 21:20:21,53.57,142.95,-5.69,100,2,7.43,clear sky,0.0,0.0
514,Kabinda,CD,2020-02-23 21:21:31,-6.13,24.48,70.0,95,100,6.76,overcast clouds,0.0,0.0
515,Shiraz,IR,2020-02-23 21:21:31,29.6,52.54,53.6,46,40,2.55,scattered clouds,0.0,0.0
516,Pontianak,ID,2020-02-23 21:21:31,-0.03,109.33,73.06,98,26,2.15,light rain,0.13,0.0
517,College,US,2020-02-23 21:19:23,64.86,-147.8,1.99,76,1,1.43,clear sky,0.0,0.0
518,Tual,ID,2020-02-23 21:19:27,-5.67,132.75,82.78,77,100,10.6,light rain,2.69,0.0
519,Pervomayskiy,RU,2020-02-23 21:21:32,53.25,40.29,32.63,98,100,7.76,light snow,0.0,1.19
520,Sarangani,PH,2020-02-23 21:21:32,5.4,125.46,81.1,79,100,20.09,overcast clouds,0.0,0.0
521,Batagay,RU,2020-02-23 21:21:32,67.63,134.63,-16.01,99,83,2.53,broken clouds,0.0,0.0
522,Neyshabur,IR,2020-02-23 21:21:32,36.21,58.8,47.7,61,14,3.13,few clouds,0.0,0.0
523,Gikongoro,RW,2020-02-23 21:21:33,-2.46,29.57,58.84,90,100,3.89,overcast clouds,0.0,0.0
524,Carcassonne,FR,2020-02-23 21:21:33,43.25,2.17,55.0,71,0,10.29,clear sky,0.0,0.0
525,Nizhniy Odes,RU,2020-02-23 21:21:33,63.64,54.86,27.5,91,100,15.37,light snow,0.0,0.38
526,Capao Bonito,BR,2020-02-23 21:21:34,-24.01,-48.35,65.19,84,80,10.63,broken clouds,0.0,0.0
527,Foundiougne,SN,2020-02-23 21:21:34,14.13,-16.47,87.8,40,100,10.67,overcast clouds,0.0,0.0
528,Vardo,NO,2020-02-23 21:19:27,70.37,31.11,26.6,92,75,12.75,broken clouds,0.0,0.0
529,Itarema,BR,2020-02-23 21:21:00,-2.92,-39.92,78.28,88,7,5.28,clear sky,0.0,0.0
530,Deming,US,2020-02-23 21:21:35,32.27,-107.76,55.4,35,75,20.8,broken clouds,0.0,0.0
531,Komsomolskiy,UZ,2020-02-23 21:21:35,40.43,71.72,50.0,81,75,6.93,mist,0.0,0.0
532,Hambantota,LK,2020-02-23 21:18:17,6.12,81.12,79.41,82,100,23.4,overcast clouds,0.0,0.0
533,Livingston,GB,2020-02-23 21:21:36,55.9,-3.52,39.99,93,100,3.36,overcast clouds,0.0,0.0
534,Porto Walter,BR,2020-02-23 21:21:36,-8.27,-72.74,82.94,63,85,2.46,overcast clouds,0.0,0.0
535,Merauke,ID,2020-02-23 21:21:36,-8.47,140.33,75.51,98,100,4.9,light rain,1.38,0.0
536,Charlestown,AU,2020-02-23 21:17:01,-32.95,151.67,70.0,88,75,3.36,shower rain,0.0,0.0
537,Port Keats,AU,2020-02-23 21:21:37,-14.25,129.55,84.06,78,19,10.2,few clouds,0.0,0.0
538,Viedma,AR,2020-02-23 21:21:25,-40.81,-63.0,90.43,22,0,19.86,clear sky,0.0,0.0
539,Fayaoue,NC,2020-02-23 21:20:02,-20.65,166.53,79.3,75,2,15.35,clear sky,0.0,0.0
540,Micheweni,TZ,2020-02-23 21:21:37,-4.97,39.83,84.06,80,100,15.59,overcast clouds,0.0,0.0
541,Ust-Koksa,RU,2020-02-23 21:21:37,50.27,85.61,8.44,97,100,0.6,light snow,0.0,0.5
542,Telfs,AT,2020-02-23 21:21:38,47.3,11.07,68.0,20,100,23.04,overcast clouds,0.0,0.0
543,Richards Bay,ZA,2020-02-23 21:21:38,-28.78,32.04,74.25,65,38,24.05,light rain,0.25,0.0
544,Wajir,KE,2020-02-23 21:21:38,1.75,40.06,84.74,49,0,16.24,clear sky,0.0,0.0
545,Mercedes,AR,2020-02-23 21:21:38,-34.65,-59.43,79.0,26,13,7.0,few clouds,0.0,0.0
546,Jibuti,DJ,2020-02-23 21:21:39,11.5,42.5,78.8,74,75,14.74,broken clouds,0.0,0.0
547,Dengzhou,CN,2020-02-23 21:21:39,37.81,120.75,44.04,75,3,10.85,clear sky,0.0,0.0
548,Willowmore,ZA,2020-02-23 21:19:11,-33.29,23.49,54.43,79,11,5.93,few clouds,0.0,0.0
549,Cedar Mill,US,2020-02-23 21:18:22,45.52,-122.81,52.0,70,40,20.8,light rain,0.0,0.0
550,Thinadhoo,MV,2020-02-23 21:21:39,0.53,72.93,82.98,79,90,15.59,light rain,1.44,0.0
551,Port Lincoln,AU,2020-02-23 21:18:25,-34.73,135.87,65.64,85,0,6.53,clear sky,0.0,0.0
552,Catamarca,AR,2020-02-23 21:21:40,-28.47,-65.79,63.39,63,51,3.22,broken clouds,0.0,0.0
553,Mecca,SA,2020-02-23 21:21:40,21.43,39.83,71.04,61,100,4.09,overcast clouds,0.0,0.0
554,Milyutinskaya,RU,2020-02-23 21:21:40,48.63,41.67,34.52,98,100,19.6,light rain,1.25,0.0
